stage_index,head,gap_index,gap,survivor
1,3,0,2,5
1,3,1,2,7
1,3,2,2,9
1,3,3,2,11
1,3,4,2,13
1,3,5,2,15
1,3,6,2,17
1,3,7,2,19
1,3,8,2,21
1,3,9,2,23
1,3,10,2,25
1,3,11,2,27
1,3,12,2,29
1,3,13,2,31
1,3,14,2,33
1,3,15,2,35
1,3,16,2,37
1,3,17,2,39
1,3,18,2,41
1,3,19,2,43
1,3,20,2,45
1,3,21,2,47
1,3,22,2,49
1,3,23,2,51
1,3,24,2,53
1,3,25,2,55
1,3,26,2,57
1,3,27,2,59
1,3,28,2,61
1,3,29,2,63
1,3,30,2,65
1,3,31,2,67
1,3,32,2,69
1,3,33,2,71
1,3,34,2,73
1,3,35,2,75
1,3,36,2,77
1,3,37,2,79
1,3,38,2,81
1,3,39,2,83
1,3,40,2,85
1,3,41,2,87
1,3,42,2,89
1,3,43,2,91
1,3,44,2,93
1,3,45,2,95
1,3,46,2,97
1,3,47,2,99
1,3,48,2,101
1,3,49,2,103
1,3,50,2,105
1,3,51,2,107
1,3,52,2,109
1,3,53,2,111
1,3,54,2,113
1,3,55,2,115
1,3,56,2,117
1,3,57,2,119
1,3,58,2,121
1,3,59,2,123
1,3,60,2,125
1,3,61,2,127
1,3,62,2,129
1,3,63,2,131
1,3,64,2,133
1,3,65,2,135
1,3,66,2,137
1,3,67,2,139
1,3,68,2,141
1,3,69,2,143
1,3,70,2,145
1,3,71,2,147
1,3,72,2,149
1,3,73,2,151
1,3,74,2,153
1,3,75,2,155
1,3,76,2,157
1,3,77,2,159
1,3,78,2,161
1,3,79,2,163
1,3,80,2,165
1,3,81,2,167
1,3,82,2,169
1,3,83,2,171
1,3,84,2,173
1,3,85,2,175
1,3,86,2,177
1,3,87,2,179
1,3,88,2,181
1,3,89,2,183
1,3,90,2,185
1,3,91,2,187
1,3,92,2,189
1,3,93,2,191
1,3,94,2,193
1,3,95,2,195
1,3,96,2,197
1,3,97,2,199
1,3,98,2,201
1,3,99,2,203
2,5,0,2,7
2,5,1,4,11
2,5,2,2,13
2,5,3,4,17
2,5,4,2,19
2,5,5,4,23
2,5,6,2,25
2,5,7,4,29
2,5,8,2,31
2,5,9,4,35
2,5,10,2,37
2,5,11,4,41
2,5,12,2,43
2,5,13,4,47
2,5,14,2,49
2,5,15,4,53
2,5,16,2,55
2,5,17,4,59
2,5,18,2,61
2,5,19,4,65
2,5,20,2,67
2,5,21,4,71
2,5,22,2,73
2,5,23,4,77
2,5,24,2,79
2,5,25,4,83
2,5,26,2,85
2,5,27,4,89
2,5,28,2,91
2,5,29,4,95
2,5,30,2,97
2,5,31,4,101
2,5,32,2,103
2,5,33,4,107
2,5,34,2,109
2,5,35,4,113
2,5,36,2,115
2,5,37,4,119
2,5,38,2,121
2,5,39,4,125
2,5,40,2,127
2,5,41,4,131
2,5,42,2,133
2,5,43,4,137
2,5,44,2,139
2,5,45,4,143
2,5,46,2,145
2,5,47,4,149
2,5,48,2,151
2,5,49,4,155
2,5,50,2,157
2,5,51,4,161
2,5,52,2,163
2,5,53,4,167
2,5,54,2,169
2,5,55,4,173
2,5,56,2,175
2,5,57,4,179
2,5,58,2,181
2,5,59,4,185
2,5,60,2,187
2,5,61,4,191
2,5,62,2,193
2,5,63,4,197
2,5,64,2,199
2,5,65,4,203
2,5,66,2,205
2,5,67,4,209
2,5,68,2,211
2,5,69,4,215
2,5,70,2,217
2,5,71,4,221
2,5,72,2,223
2,5,73,4,227
2,5,74,2,229
2,5,75,4,233
2,5,76,2,235
2,5,77,4,239
2,5,78,2,241
2,5,79,4,245
2,5,80,2,247
2,5,81,4,251
2,5,82,2,253
2,5,83,4,257
2,5,84,2,259
2,5,85,4,263
2,5,86,2,265
2,5,87,4,269
2,5,88,2,271
2,5,89,4,275
2,5,90,2,277
2,5,91,4,281
2,5,92,2,283
2,5,93,4,287
2,5,94,2,289
2,5,95,4,293
2,5,96,2,295
2,5,97,4,299
2,5,98,2,301
2,5,99,4,305
3,7,0,4,11
3,7,1,2,13
3,7,2,4,17
3,7,3,2,19
3,7,4,4,23
3,7,5,6,29
3,7,6,2,31
3,7,7,6,37
3,7,8,4,41
3,7,9,2,43
3,7,10,4,47
3,7,11,2,49
3,7,12,4,53
3,7,13,6,59
3,7,14,2,61
3,7,15,6,67
3,7,16,4,71
3,7,17,2,73
3,7,18,4,77
3,7,19,2,79
3,7,20,4,83
3,7,21,6,89
3,7,22,2,91
3,7,23,6,97
3,7,24,4,101
3,7,25,2,103
3,7,26,4,107
3,7,27,2,109
3,7,28,4,113
3,7,29,6,119
3,7,30,2,121
3,7,31,6,127
3,7,32,4,131
3,7,33,2,133
3,7,34,4,137
3,7,35,2,139
3,7,36,4,143
3,7,37,6,149
3,7,38,2,151
3,7,39,6,157
3,7,40,4,161
3,7,41,2,163
3,7,42,4,167
3,7,43,2,169
3,7,44,4,173
3,7,45,6,179
3,7,46,2,181
3,7,47,6,187
3,7,48,4,191
3,7,49,2,193
3,7,50,4,197
3,7,51,2,199
3,7,52,4,203
3,7,53,6,209
3,7,54,2,211
3,7,55,6,217
3,7,56,4,221
3,7,57,2,223
3,7,58,4,227
3,7,59,2,229
3,7,60,4,233
3,7,61,6,239
3,7,62,2,241
3,7,63,6,247
3,7,64,4,251
3,7,65,2,253
3,7,66,4,257
3,7,67,2,259
3,7,68,4,263
3,7,69,6,269
3,7,70,2,271
3,7,71,6,277
3,7,72,4,281
3,7,73,2,283
3,7,74,4,287
3,7,75,2,289
3,7,76,4,293
3,7,77,6,299
3,7,78,2,301
3,7,79,6,307
3,7,80,4,311
3,7,81,2,313
3,7,82,4,317
3,7,83,2,319
3,7,84,4,323
3,7,85,6,329
3,7,86,2,331
3,7,87,6,337
3,7,88,4,341
3,7,89,2,343
3,7,90,4,347
3,7,91,2,349
3,7,92,4,353
3,7,93,6,359
3,7,94,2,361
3,7,95,6,367
3,7,96,4,371
3,7,97,2,373
3,7,98,4,377
3,7,99,2,379
4,11,0,2,13
4,11,1,4,17
4,11,2,2,19
4,11,3,4,23
4,11,4,6,29
4,11,5,2,31
4,11,6,6,37
4,11,7,4,41
4,11,8,2,43
4,11,9,4,47
4,11,10,6,53
4,11,11,6,59
4,11,12,2,61
4,11,13,6,67
4,11,14,4,71
4,11,15,2,73
4,11,16,6,79
4,11,17,4,83
4,11,18,6,89
4,11,19,8,97
4,11,20,4,101
4,11,21,2,103
4,11,22,4,107
4,11,23,2,109
4,11,24,4,113
4,11,25,8,121
4,11,26,6,127
4,11,27,4,131
4,11,28,6,137
4,11,29,2,139
4,11,30,4,143
4,11,31,6,149
4,11,32,2,151
4,11,33,6,157
4,11,34,6,163
4,11,35,4,167
4,11,36,2,169
4,11,37,4,173
4,11,38,6,179
4,11,39,2,181
4,11,40,6,187
4,11,41,4,191
4,11,42,2,193
4,11,43,4,197
4,11,44,2,199
4,11,45,10,209
4,11,46,2,211
4,11,47,10,221
4,11,48,2,223
4,11,49,4,227
4,11,50,2,229
4,11,51,4,233
4,11,52,6,239
4,11,53,2,241
4,11,54,6,247
4,11,55,4,251
4,11,56,2,253
4,11,57,4,257
4,11,58,6,263
4,11,59,6,269
4,11,60,2,271
4,11,61,6,277
4,11,62,4,281
4,11,63,2,283
4,11,64,6,289
4,11,65,4,293
4,11,66,6,299
4,11,67,8,307
4,11,68,4,311
4,11,69,2,313
4,11,70,4,317
4,11,71,2,319
4,11,72,4,323
4,11,73,8,331
4,11,74,6,337
4,11,75,4,341
4,11,76,6,347
4,11,77,2,349
4,11,78,4,353
4,11,79,6,359
4,11,80,2,361
4,11,81,6,367
4,11,82,6,373
4,11,83,4,377
4,11,84,2,379
4,11,85,4,383
4,11,86,6,389
4,11,87,2,391
4,11,88,6,397
4,11,89,4,401
4,11,90,2,403
4,11,91,4,407
4,11,92,2,409
4,11,93,10,419
4,11,94,2,421
4,11,95,10,431
4,11,96,2,433
4,11,97,4,437
4,11,98,2,439
4,11,99,4,443
5,13,0,4,17
5,13,1,2,19
5,13,2,4,23
5,13,3,6,29
5,13,4,2,31
5,13,5,6,37
5,13,6,4,41
5,13,7,2,43
5,13,8,4,47
5,13,9,6,53
5,13,10,6,59
5,13,11,2,61
5,13,12,6,67
5,13,13,4,71
5,13,14,2,73
5,13,15,6,79
5,13,16,4,83
5,13,17,6,89
5,13,18,8,97
5,13,19,4,101
5,13,20,2,103
5,13,21,4,107
5,13,22,2,109
5,13,23,4,113
5,13,24,14,127
5,13,25,4,131
5,13,26,6,137
5,13,27,2,139
5,13,28,10,149
5,13,29,2,151
5,13,30,6,157
5,13,31,6,163
5,13,32,4,167
5,13,33,2,169
5,13,34,4,173
5,13,35,6,179
5,13,36,2,181
5,13,37,10,191
5,13,38,2,193
5,13,39,4,197
5,13,40,2,199
5,13,41,12,211
5,13,42,10,221
5,13,43,2,223
5,13,44,4,227
5,13,45,2,229
5,13,46,4,233
5,13,47,6,239
5,13,48,2,241
5,13,49,6,247
5,13,50,4,251
5,13,51,6,257
5,13,52,6,263
5,13,53,6,269
5,13,54,2,271
5,13,55,6,277
5,13,56,4,281
5,13,57,2,283
5,13,58,6,289
5,13,59,4,293
5,13,60,6,299
5,13,61,8,307
5,13,62,4,311
5,13,63,2,313
5,13,64,4,317
5,13,65,6,323
5,13,66,8,331
5,13,67,6,337
5,13,68,10,347
5,13,69,2,349
5,13,70,4,353
5,13,71,6,359
5,13,72,2,361
5,13,73,6,367
5,13,74,6,373
5,13,75,4,377
5,13,76,2,379
5,13,77,4,383
5,13,78,6,389
5,13,79,2,391
5,13,80,6,397
5,13,81,4,401
5,13,82,2,403
5,13,83,6,409
5,13,84,10,419
5,13,85,2,421
5,13,86,10,431
5,13,87,2,433
5,13,88,4,437
5,13,89,2,439
5,13,90,4,443
5,13,91,6,449
5,13,92,8,457
5,13,93,4,461
5,13,94,2,463
5,13,95,4,467
5,13,96,12,479
5,13,97,2,481
5,13,98,6,487
5,13,99,4,491
6,17,0,2,19
6,17,1,4,23
6,17,2,6,29
6,17,3,2,31
6,17,4,6,37
6,17,5,4,41
6,17,6,2,43
6,17,7,4,47
6,17,8,6,53
6,17,9,6,59
6,17,10,2,61
6,17,11,6,67
6,17,12,4,71
6,17,13,2,73
6,17,14,6,79
6,17,15,4,83
6,17,16,6,89
6,17,17,8,97
6,17,18,4,101
6,17,19,2,103
6,17,20,4,107
6,17,21,2,109
6,17,22,4,113
6,17,23,14,127
6,17,24,4,131
6,17,25,6,137
6,17,26,2,139
6,17,27,10,149
6,17,28,2,151
6,17,29,6,157
6,17,30,6,163
6,17,31,4,167
6,17,32,6,173
6,17,33,6,179
6,17,34,2,181
6,17,35,10,191
6,17,36,2,193
6,17,37,4,197
6,17,38,2,199
6,17,39,12,211
6,17,40,12,223
6,17,41,4,227
6,17,42,2,229
6,17,43,4,233
6,17,44,6,239
6,17,45,2,241
6,17,46,10,251
6,17,47,6,257
6,17,48,6,263
6,17,49,6,269
6,17,50,2,271
6,17,51,6,277
6,17,52,4,281
6,17,53,2,283
6,17,54,6,289
6,17,55,4,293
6,17,56,14,307
6,17,57,4,311
6,17,58,2,313
6,17,59,4,317
6,17,60,6,323
6,17,61,8,331
6,17,62,6,337
6,17,63,10,347
6,17,64,2,349
6,17,65,4,353
6,17,66,6,359
6,17,67,2,361
6,17,68,6,367
6,17,69,6,373
6,17,70,6,379
6,17,71,4,383
6,17,72,6,389
6,17,73,2,391
6,17,74,6,397
6,17,75,4,401
6,17,76,8,409
6,17,77,10,419
6,17,78,2,421
6,17,79,10,431
6,17,80,2,433
6,17,81,4,437
6,17,82,2,439
6,17,83,4,443
6,17,84,6,449
6,17,85,8,457
6,17,86,4,461
6,17,87,2,463
6,17,88,4,467
6,17,89,12,479
6,17,90,8,487
6,17,91,4,491
6,17,92,2,493
6,17,93,6,499
6,17,94,4,503
6,17,95,6,509
6,17,96,12,521
6,17,97,2,523
6,17,98,4,527
6,17,99,2,529
7,19,0,4,23
7,19,1,6,29
7,19,2,2,31
7,19,3,6,37
7,19,4,4,41
7,19,5,2,43
7,19,6,4,47
7,19,7,6,53
7,19,8,6,59
7,19,9,2,61
7,19,10,6,67
7,19,11,4,71
7,19,12,2,73
7,19,13,6,79
7,19,14,4,83
7,19,15,6,89
7,19,16,8,97
7,19,17,4,101
7,19,18,2,103
7,19,19,4,107
7,19,20,2,109
7,19,21,4,113
7,19,22,14,127
7,19,23,4,131
7,19,24,6,137
7,19,25,2,139
7,19,26,10,149
7,19,27,2,151
7,19,28,6,157
7,19,29,6,163
7,19,30,4,167
7,19,31,6,173
7,19,32,6,179
7,19,33,2,181
7,19,34,10,191
7,19,35,2,193
7,19,36,4,197
7,19,37,2,199
7,19,38,12,211
7,19,39,12,223
7,19,40,4,227
7,19,41,2,229
7,19,42,4,233
7,19,43,6,239
7,19,44,2,241
7,19,45,10,251
7,19,46,6,257
7,19,47,6,263
7,19,48,6,269
7,19,49,2,271
7,19,50,6,277
7,19,51,4,281
7,19,52,2,283
7,19,53,10,293
7,19,54,14,307
7,19,55,4,311
7,19,56,2,313
7,19,57,4,317
7,19,58,14,331
7,19,59,6,337
7,19,60,10,347
7,19,61,2,349
7,19,62,4,353
7,19,63,6,359
7,19,64,2,361
7,19,65,6,367
7,19,66,6,373
7,19,67,6,379
7,19,68,4,383
7,19,69,6,389
7,19,70,8,397
7,19,71,4,401
7,19,72,8,409
7,19,73,10,419
7,19,74,2,421
7,19,75,10,431
7,19,76,2,433
7,19,77,4,437
7,19,78,2,439
7,19,79,4,443
7,19,80,6,449
7,19,81,8,457
7,19,82,4,461
7,19,83,2,463
7,19,84,4,467
7,19,85,12,479
7,19,86,8,487
7,19,87,4,491
7,19,88,8,499
7,19,89,4,503
7,19,90,6,509
7,19,91,12,521
7,19,92,2,523
7,19,93,6,529
7,19,94,12,541
7,19,95,6,547
7,19,96,4,551
7,19,97,6,557
7,19,98,6,563
7,19,99,6,569
8,23,0,6,29
8,23,1,2,31
8,23,2,6,37
8,23,3,4,41
8,23,4,2,43
8,23,5,4,47
8,23,6,6,53
8,23,7,6,59
8,23,8,2,61
8,23,9,6,67
8,23,10,4,71
8,23,11,2,73
8,23,12,6,79
8,23,13,4,83
8,23,14,6,89
8,23,15,8,97
8,23,16,4,101
8,23,17,2,103
8,23,18,4,107
8,23,19,2,109
8,23,20,4,113
8,23,21,14,127
8,23,22,4,131
8,23,23,6,137
8,23,24,2,139
8,23,25,10,149
8,23,26,2,151
8,23,27,6,157
8,23,28,6,163
8,23,29,4,167
8,23,30,6,173
8,23,31,6,179
8,23,32,2,181
8,23,33,10,191
8,23,34,2,193
8,23,35,4,197
8,23,36,2,199
8,23,37,12,211
8,23,38,12,223
8,23,39,4,227
8,23,40,2,229
8,23,41,4,233
8,23,42,6,239
8,23,43,2,241
8,23,44,10,251
8,23,45,6,257
8,23,46,6,263
8,23,47,6,269
8,23,48,2,271
8,23,49,6,277
8,23,50,4,281
8,23,51,2,283
8,23,52,10,293
8,23,53,14,307
8,23,54,4,311
8,23,55,2,313
8,23,56,4,317
8,23,57,14,331
8,23,58,6,337
8,23,59,10,347
8,23,60,2,349
8,23,61,4,353
8,23,62,6,359
8,23,63,8,367
8,23,64,6,373
8,23,65,6,379
8,23,66,4,383
8,23,67,6,389
8,23,68,8,397
8,23,69,4,401
8,23,70,8,409
8,23,71,10,419
8,23,72,2,421
8,23,73,10,431
8,23,74,2,433
8,23,75,6,439
8,23,76,4,443
8,23,77,6,449
8,23,78,8,457
8,23,79,4,461
8,23,80,2,463
8,23,81,4,467
8,23,82,12,479
8,23,83,8,487
8,23,84,4,491
8,23,85,8,499
8,23,86,4,503
8,23,87,6,509
8,23,88,12,521
8,23,89,2,523
8,23,90,6,529
8,23,91,12,541
8,23,92,6,547
8,23,93,10,557
8,23,94,6,563
8,23,95,6,569
8,23,96,2,571
8,23,97,6,577
8,23,98,10,587
8,23,99,6,593
9,29,0,2,31
9,29,1,6,37
9,29,2,4,41
9,29,3,2,43
9,29,4,4,47
9,29,5,6,53
9,29,6,6,59
9,29,7,2,61
9,29,8,6,67
9,29,9,4,71
9,29,10,2,73
9,29,11,6,79
9,29,12,4,83
9,29,13,6,89
9,29,14,8,97
9,29,15,4,101
9,29,16,2,103
9,29,17,4,107
9,29,18,2,109
9,29,19,4,113
9,29,20,14,127
9,29,21,4,131
9,29,22,6,137
9,29,23,2,139
9,29,24,10,149
9,29,25,2,151
9,29,26,6,157
9,29,27,6,163
9,29,28,4,167
9,29,29,6,173
9,29,30,6,179
9,29,31,2,181
9,29,32,10,191
9,29,33,2,193
9,29,34,4,197
9,29,35,2,199
9,29,36,12,211
9,29,37,12,223
9,29,38,4,227
9,29,39,2,229
9,29,40,4,233
9,29,41,6,239
9,29,42,2,241
9,29,43,10,251
9,29,44,6,257
9,29,45,6,263
9,29,46,6,269
9,29,47,2,271
9,29,48,6,277
9,29,49,4,281
9,29,50,2,283
9,29,51,10,293
9,29,52,14,307
9,29,53,4,311
9,29,54,2,313
9,29,55,4,317
9,29,56,14,331
9,29,57,6,337
9,29,58,10,347
9,29,59,2,349
9,29,60,4,353
9,29,61,6,359
9,29,62,8,367
9,29,63,6,373
9,29,64,6,379
9,29,65,4,383
9,29,66,6,389
9,29,67,8,397
9,29,68,4,401
9,29,69,8,409
9,29,70,10,419
9,29,71,2,421
9,29,72,10,431
9,29,73,2,433
9,29,74,6,439
9,29,75,4,443
9,29,76,6,449
9,29,77,8,457
9,29,78,4,461
9,29,79,2,463
9,29,80,4,467
9,29,81,12,479
9,29,82,8,487
9,29,83,4,491
9,29,84,8,499
9,29,85,4,503
9,29,86,6,509
9,29,87,12,521
9,29,88,2,523
9,29,89,18,541
9,29,90,6,547
9,29,91,10,557
9,29,92,6,563
9,29,93,6,569
9,29,94,2,571
9,29,95,6,577
9,29,96,10,587
9,29,97,6,593
9,29,98,6,599
9,29,99,2,601
10,31,0,6,37
10,31,1,4,41
10,31,2,2,43
10,31,3,4,47
10,31,4,6,53
10,31,5,6,59
10,31,6,2,61
10,31,7,6,67
10,31,8,4,71
10,31,9,2,73
10,31,10,6,79
10,31,11,4,83
10,31,12,6,89
10,31,13,8,97
10,31,14,4,101
10,31,15,2,103
10,31,16,4,107
10,31,17,2,109
10,31,18,4,113
10,31,19,14,127
10,31,20,4,131
10,31,21,6,137
10,31,22,2,139
10,31,23,10,149
10,31,24,2,151
10,31,25,6,157
10,31,26,6,163
10,31,27,4,167
10,31,28,6,173
10,31,29,6,179
10,31,30,2,181
10,31,31,10,191
10,31,32,2,193
10,31,33,4,197
10,31,34,2,199
10,31,35,12,211
10,31,36,12,223
10,31,37,4,227
10,31,38,2,229
10,31,39,4,233
10,31,40,6,239
10,31,41,2,241
10,31,42,10,251
10,31,43,6,257
10,31,44,6,263
10,31,45,6,269
10,31,46,2,271
10,31,47,6,277
10,31,48,4,281
10,31,49,2,283
10,31,50,10,293
10,31,51,14,307
10,31,52,4,311
10,31,53,2,313
10,31,54,4,317
10,31,55,14,331
10,31,56,6,337
10,31,57,10,347
10,31,58,2,349
10,31,59,4,353
10,31,60,6,359
10,31,61,8,367
10,31,62,6,373
10,31,63,6,379
10,31,64,4,383
10,31,65,6,389
10,31,66,8,397
10,31,67,4,401
10,31,68,8,409
10,31,69,10,419
10,31,70,2,421
10,31,71,10,431
10,31,72,2,433
10,31,73,6,439
10,31,74,4,443
10,31,75,6,449
10,31,76,8,457
10,31,77,4,461
10,31,78,2,463
10,31,79,4,467
10,31,80,12,479
10,31,81,8,487
10,31,82,4,491
10,31,83,8,499
10,31,84,4,503
10,31,85,6,509
10,31,86,12,521
10,31,87,2,523
10,31,88,18,541
10,31,89,6,547
10,31,90,10,557
10,31,91,6,563
10,31,92,6,569
10,31,93,2,571
10,31,94,6,577
10,31,95,10,587
10,31,96,6,593
10,31,97,6,599
10,31,98,2,601
10,31,99,6,607
11,37,0,4,41
11,37,1,2,43
11,37,2,4,47
11,37,3,6,53
11,37,4,6,59
11,37,5,2,61
11,37,6,6,67
11,37,7,4,71
11,37,8,2,73
11,37,9,6,79
11,37,10,4,83
11,37,11,6,89
11,37,12,8,97
11,37,13,4,101
11,37,14,2,103
11,37,15,4,107
11,37,16,2,109
11,37,17,4,113
11,37,18,14,127
11,37,19,4,131
11,37,20,6,137
11,37,21,2,139
11,37,22,10,149
11,37,23,2,151
11,37,24,6,157
11,37,25,6,163
11,37,26,4,167
11,37,27,6,173
11,37,28,6,179
11,37,29,2,181
11,37,30,10,191
11,37,31,2,193
11,37,32,4,197
11,37,33,2,199
11,37,34,12,211
11,37,35,12,223
11,37,36,4,227
11,37,37,2,229
11,37,38,4,233
11,37,39,6,239
11,37,40,2,241
11,37,41,10,251
11,37,42,6,257
11,37,43,6,263
11,37,44,6,269
11,37,45,2,271
11,37,46,6,277
11,37,47,4,281
11,37,48,2,283
11,37,49,10,293
11,37,50,14,307
11,37,51,4,311
11,37,52,2,313
11,37,53,4,317
11,37,54,14,331
11,37,55,6,337
11,37,56,10,347
11,37,57,2,349
11,37,58,4,353
11,37,59,6,359
11,37,60,8,367
11,37,61,6,373
11,37,62,6,379
11,37,63,4,383
11,37,64,6,389
11,37,65,8,397
11,37,66,4,401
11,37,67,8,409
11,37,68,10,419
11,37,69,2,421
11,37,70,10,431
11,37,71,2,433
11,37,72,6,439
11,37,73,4,443
11,37,74,6,449
11,37,75,8,457
11,37,76,4,461
11,37,77,2,463
11,37,78,4,467
11,37,79,12,479
11,37,80,8,487
11,37,81,4,491
11,37,82,8,499
11,37,83,4,503
11,37,84,6,509
11,37,85,12,521
11,37,86,2,523
11,37,87,18,541
11,37,88,6,547
11,37,89,10,557
11,37,90,6,563
11,37,91,6,569
11,37,92,2,571
11,37,93,6,577
11,37,94,10,587
11,37,95,6,593
11,37,96,6,599
11,37,97,2,601
11,37,98,6,607
11,37,99,6,613
12,41,0,2,43
12,41,1,4,47
12,41,2,6,53
12,41,3,6,59
12,41,4,2,61
12,41,5,6,67
12,41,6,4,71
12,41,7,2,73
12,41,8,6,79
12,41,9,4,83
12,41,10,6,89
12,41,11,8,97
12,41,12,4,101
12,41,13,2,103
12,41,14,4,107
12,41,15,2,109
12,41,16,4,113
12,41,17,14,127
12,41,18,4,131
12,41,19,6,137
12,41,20,2,139
12,41,21,10,149
12,41,22,2,151
12,41,23,6,157
12,41,24,6,163
12,41,25,4,167
12,41,26,6,173
12,41,27,6,179
12,41,28,2,181
12,41,29,10,191
12,41,30,2,193
12,41,31,4,197
12,41,32,2,199
12,41,33,12,211
12,41,34,12,223
12,41,35,4,227
12,41,36,2,229
12,41,37,4,233
12,41,38,6,239
12,41,39,2,241
12,41,40,10,251
12,41,41,6,257
12,41,42,6,263
12,41,43,6,269
12,41,44,2,271
12,41,45,6,277
12,41,46,4,281
12,41,47,2,283
12,41,48,10,293
12,41,49,14,307
12,41,50,4,311
12,41,51,2,313
12,41,52,4,317
12,41,53,14,331
12,41,54,6,337
12,41,55,10,347
12,41,56,2,349
12,41,57,4,353
12,41,58,6,359
12,41,59,8,367
12,41,60,6,373
12,41,61,6,379
12,41,62,4,383
12,41,63,6,389
12,41,64,8,397
12,41,65,4,401
12,41,66,8,409
12,41,67,10,419
12,41,68,2,421
12,41,69,10,431
12,41,70,2,433
12,41,71,6,439
12,41,72,4,443
12,41,73,6,449
12,41,74,8,457
12,41,75,4,461
12,41,76,2,463
12,41,77,4,467
12,41,78,12,479
12,41,79,8,487
12,41,80,4,491
12,41,81,8,499
12,41,82,4,503
12,41,83,6,509
12,41,84,12,521
12,41,85,2,523
12,41,86,18,541
12,41,87,6,547
12,41,88,10,557
12,41,89,6,563
12,41,90,6,569
12,41,91,2,571
12,41,92,6,577
12,41,93,10,587
12,41,94,6,593
12,41,95,6,599
12,41,96,2,601
12,41,97,6,607
12,41,98,6,613
12,41,99,4,617
13,43,0,4,47
13,43,1,6,53
13,43,2,6,59
13,43,3,2,61
13,43,4,6,67
13,43,5,4,71
13,43,6,2,73
13,43,7,6,79
13,43,8,4,83
13,43,9,6,89
13,43,10,8,97
13,43,11,4,101
13,43,12,2,103
13,43,13,4,107
13,43,14,2,109
13,43,15,4,113
13,43,16,14,127
13,43,17,4,131
13,43,18,6,137
13,43,19,2,139
13,43,20,10,149
13,43,21,2,151
13,43,22,6,157
13,43,23,6,163
13,43,24,4,167
13,43,25,6,173
13,43,26,6,179
13,43,27,2,181
13,43,28,10,191
13,43,29,2,193
13,43,30,4,197
13,43,31,2,199
13,43,32,12,211
13,43,33,12,223
13,43,34,4,227
13,43,35,2,229
13,43,36,4,233
13,43,37,6,239
13,43,38,2,241
13,43,39,10,251
13,43,40,6,257
13,43,41,6,263
13,43,42,6,269
13,43,43,2,271
13,43,44,6,277
13,43,45,4,281
13,43,46,2,283
13,43,47,10,293
13,43,48,14,307
13,43,49,4,311
13,43,50,2,313
13,43,51,4,317
13,43,52,14,331
13,43,53,6,337
13,43,54,10,347
13,43,55,2,349
13,43,56,4,353
13,43,57,6,359
13,43,58,8,367
13,43,59,6,373
13,43,60,6,379
13,43,61,4,383
13,43,62,6,389
13,43,63,8,397
13,43,64,4,401
13,43,65,8,409
13,43,66,10,419
13,43,67,2,421
13,43,68,10,431
13,43,69,2,433
13,43,70,6,439
13,43,71,4,443
13,43,72,6,449
13,43,73,8,457
13,43,74,4,461
13,43,75,2,463
13,43,76,4,467
13,43,77,12,479
13,43,78,8,487
13,43,79,4,491
13,43,80,8,499
13,43,81,4,503
13,43,82,6,509
13,43,83,12,521
13,43,84,2,523
13,43,85,18,541
13,43,86,6,547
13,43,87,10,557
13,43,88,6,563
13,43,89,6,569
13,43,90,2,571
13,43,91,6,577
13,43,92,10,587
13,43,93,6,593
13,43,94,6,599
13,43,95,2,601
13,43,96,6,607
13,43,97,6,613
13,43,98,4,617
13,43,99,2,619
14,47,0,6,53
14,47,1,6,59
14,47,2,2,61
14,47,3,6,67
14,47,4,4,71
14,47,5,2,73
14,47,6,6,79
14,47,7,4,83
14,47,8,6,89
14,47,9,8,97
14,47,10,4,101
14,47,11,2,103
14,47,12,4,107
14,47,13,2,109
14,47,14,4,113
14,47,15,14,127
14,47,16,4,131
14,47,17,6,137
14,47,18,2,139
14,47,19,10,149
14,47,20,2,151
14,47,21,6,157
14,47,22,6,163
14,47,23,4,167
14,47,24,6,173
14,47,25,6,179
14,47,26,2,181
14,47,27,10,191
14,47,28,2,193
14,47,29,4,197
14,47,30,2,199
14,47,31,12,211
14,47,32,12,223
14,47,33,4,227
14,47,34,2,229
14,47,35,4,233
14,47,36,6,239
14,47,37,2,241
14,47,38,10,251
14,47,39,6,257
14,47,40,6,263
14,47,41,6,269
14,47,42,2,271
14,47,43,6,277
14,47,44,4,281
14,47,45,2,283
14,47,46,10,293
14,47,47,14,307
14,47,48,4,311
14,47,49,2,313
14,47,50,4,317
14,47,51,14,331
14,47,52,6,337
14,47,53,10,347
14,47,54,2,349
14,47,55,4,353
14,47,56,6,359
14,47,57,8,367
14,47,58,6,373
14,47,59,6,379
14,47,60,4,383
14,47,61,6,389
14,47,62,8,397
14,47,63,4,401
14,47,64,8,409
14,47,65,10,419
14,47,66,2,421
14,47,67,10,431
14,47,68,2,433
14,47,69,6,439
14,47,70,4,443
14,47,71,6,449
14,47,72,8,457
14,47,73,4,461
14,47,74,2,463
14,47,75,4,467
14,47,76,12,479
14,47,77,8,487
14,47,78,4,491
14,47,79,8,499
14,47,80,4,503
14,47,81,6,509
14,47,82,12,521
14,47,83,2,523
14,47,84,18,541
14,47,85,6,547
14,47,86,10,557
14,47,87,6,563
14,47,88,6,569
14,47,89,2,571
14,47,90,6,577
14,47,91,10,587
14,47,92,6,593
14,47,93,6,599
14,47,94,2,601
14,47,95,6,607
14,47,96,6,613
14,47,97,4,617
14,47,98,2,619
14,47,99,12,631
15,53,0,6,59
15,53,1,2,61
15,53,2,6,67
15,53,3,4,71
15,53,4,2,73
15,53,5,6,79
15,53,6,4,83
15,53,7,6,89
15,53,8,8,97
15,53,9,4,101
15,53,10,2,103
15,53,11,4,107
15,53,12,2,109
15,53,13,4,113
15,53,14,14,127
15,53,15,4,131
15,53,16,6,137
15,53,17,2,139
15,53,18,10,149
15,53,19,2,151
15,53,20,6,157
15,53,21,6,163
15,53,22,4,167
15,53,23,6,173
15,53,24,6,179
15,53,25,2,181
15,53,26,10,191
15,53,27,2,193
15,53,28,4,197
15,53,29,2,199
15,53,30,12,211
15,53,31,12,223
15,53,32,4,227
15,53,33,2,229
15,53,34,4,233
15,53,35,6,239
15,53,36,2,241
15,53,37,10,251
15,53,38,6,257
15,53,39,6,263
15,53,40,6,269
15,53,41,2,271
15,53,42,6,277
15,53,43,4,281
15,53,44,2,283
15,53,45,10,293
15,53,46,14,307
15,53,47,4,311
15,53,48,2,313
15,53,49,4,317
15,53,50,14,331
15,53,51,6,337
15,53,52,10,347
15,53,53,2,349
15,53,54,4,353
15,53,55,6,359
15,53,56,8,367
15,53,57,6,373
15,53,58,6,379
15,53,59,4,383
15,53,60,6,389
15,53,61,8,397
15,53,62,4,401
15,53,63,8,409
15,53,64,10,419
15,53,65,2,421
15,53,66,10,431
15,53,67,2,433
15,53,68,6,439
15,53,69,4,443
15,53,70,6,449
15,53,71,8,457
15,53,72,4,461
15,53,73,2,463
15,53,74,4,467
15,53,75,12,479
15,53,76,8,487
15,53,77,4,491
15,53,78,8,499
15,53,79,4,503
15,53,80,6,509
15,53,81,12,521
15,53,82,2,523
15,53,83,18,541
15,53,84,6,547
15,53,85,10,557
15,53,86,6,563
15,53,87,6,569
15,53,88,2,571
15,53,89,6,577
15,53,90,10,587
15,53,91,6,593
15,53,92,6,599
15,53,93,2,601
15,53,94,6,607
15,53,95,6,613
15,53,96,4,617
15,53,97,2,619
15,53,98,12,631
15,53,99,10,641
16,59,0,2,61
16,59,1,6,67
16,59,2,4,71
16,59,3,2,73
16,59,4,6,79
16,59,5,4,83
16,59,6,6,89
16,59,7,8,97
16,59,8,4,101
16,59,9,2,103
16,59,10,4,107
16,59,11,2,109
16,59,12,4,113
16,59,13,14,127
16,59,14,4,131
16,59,15,6,137
16,59,16,2,139
16,59,17,10,149
16,59,18,2,151
16,59,19,6,157
16,59,20,6,163
16,59,21,4,167
16,59,22,6,173
16,59,23,6,179
16,59,24,2,181
16,59,25,10,191
16,59,26,2,193
16,59,27,4,197
16,59,28,2,199
16,59,29,12,211
16,59,30,12,223
16,59,31,4,227
16,59,32,2,229
16,59,33,4,233
16,59,34,6,239
16,59,35,2,241
16,59,36,10,251
16,59,37,6,257
16,59,38,6,263
16,59,39,6,269
16,59,40,2,271
16,59,41,6,277
16,59,42,4,281
16,59,43,2,283
16,59,44,10,293
16,59,45,14,307
16,59,46,4,311
16,59,47,2,313
16,59,48,4,317
16,59,49,14,331
16,59,50,6,337
16,59,51,10,347
16,59,52,2,349
16,59,53,4,353
16,59,54,6,359
16,59,55,8,367
16,59,56,6,373
16,59,57,6,379
16,59,58,4,383
16,59,59,6,389
16,59,60,8,397
16,59,61,4,401
16,59,62,8,409
16,59,63,10,419
16,59,64,2,421
16,59,65,10,431
16,59,66,2,433
16,59,67,6,439
16,59,68,4,443
16,59,69,6,449
16,59,70,8,457
16,59,71,4,461
16,59,72,2,463
16,59,73,4,467
16,59,74,12,479
16,59,75,8,487
16,59,76,4,491
16,59,77,8,499
16,59,78,4,503
16,59,79,6,509
16,59,80,12,521
16,59,81,2,523
16,59,82,18,541
16,59,83,6,547
16,59,84,10,557
16,59,85,6,563
16,59,86,6,569
16,59,87,2,571
16,59,88,6,577
16,59,89,10,587
16,59,90,6,593
16,59,91,6,599
16,59,92,2,601
16,59,93,6,607
16,59,94,6,613
16,59,95,4,617
16,59,96,2,619
16,59,97,12,631
16,59,98,10,641
16,59,99,2,643
17,61,0,6,67
17,61,1,4,71
17,61,2,2,73
17,61,3,6,79
17,61,4,4,83
17,61,5,6,89
17,61,6,8,97
17,61,7,4,101
17,61,8,2,103
17,61,9,4,107
17,61,10,2,109
17,61,11,4,113
17,61,12,14,127
17,61,13,4,131
17,61,14,6,137
17,61,15,2,139
17,61,16,10,149
17,61,17,2,151
17,61,18,6,157
17,61,19,6,163
17,61,20,4,167
17,61,21,6,173
17,61,22,6,179
17,61,23,2,181
17,61,24,10,191
17,61,25,2,193
17,61,26,4,197
17,61,27,2,199
17,61,28,12,211
17,61,29,12,223
17,61,30,4,227
17,61,31,2,229
17,61,32,4,233
17,61,33,6,239
17,61,34,2,241
17,61,35,10,251
17,61,36,6,257
17,61,37,6,263
17,61,38,6,269
17,61,39,2,271
17,61,40,6,277
17,61,41,4,281
17,61,42,2,283
17,61,43,10,293
17,61,44,14,307
17,61,45,4,311
17,61,46,2,313
17,61,47,4,317
17,61,48,14,331
17,61,49,6,337
17,61,50,10,347
17,61,51,2,349
17,61,52,4,353
17,61,53,6,359
17,61,54,8,367
17,61,55,6,373
17,61,56,6,379
17,61,57,4,383
17,61,58,6,389
17,61,59,8,397
17,61,60,4,401
17,61,61,8,409
17,61,62,10,419
17,61,63,2,421
17,61,64,10,431
17,61,65,2,433
17,61,66,6,439
17,61,67,4,443
17,61,68,6,449
17,61,69,8,457
17,61,70,4,461
17,61,71,2,463
17,61,72,4,467
17,61,73,12,479
17,61,74,8,487
17,61,75,4,491
17,61,76,8,499
17,61,77,4,503
17,61,78,6,509
17,61,79,12,521
17,61,80,2,523
17,61,81,18,541
17,61,82,6,547
17,61,83,10,557
17,61,84,6,563
17,61,85,6,569
17,61,86,2,571
17,61,87,6,577
17,61,88,10,587
17,61,89,6,593
17,61,90,6,599
17,61,91,2,601
17,61,92,6,607
17,61,93,6,613
17,61,94,4,617
17,61,95,2,619
17,61,96,12,631
17,61,97,10,641
17,61,98,2,643
17,61,99,4,647
18,67,0,4,71
18,67,1,2,73
18,67,2,6,79
18,67,3,4,83
18,67,4,6,89
18,67,5,8,97
18,67,6,4,101
18,67,7,2,103
18,67,8,4,107
18,67,9,2,109
18,67,10,4,113
18,67,11,14,127
18,67,12,4,131
18,67,13,6,137
18,67,14,2,139
18,67,15,10,149
18,67,16,2,151
18,67,17,6,157
18,67,18,6,163
18,67,19,4,167
18,67,20,6,173
18,67,21,6,179
18,67,22,2,181
18,67,23,10,191
18,67,24,2,193
18,67,25,4,197
18,67,26,2,199
18,67,27,12,211
18,67,28,12,223
18,67,29,4,227
18,67,30,2,229
18,67,31,4,233
18,67,32,6,239
18,67,33,2,241
18,67,34,10,251
18,67,35,6,257
18,67,36,6,263
18,67,37,6,269
18,67,38,2,271
18,67,39,6,277
18,67,40,4,281
18,67,41,2,283
18,67,42,10,293
18,67,43,14,307
18,67,44,4,311
18,67,45,2,313
18,67,46,4,317
18,67,47,14,331
18,67,48,6,337
18,67,49,10,347
18,67,50,2,349
18,67,51,4,353
18,67,52,6,359
18,67,53,8,367
18,67,54,6,373
18,67,55,6,379
18,67,56,4,383
18,67,57,6,389
18,67,58,8,397
18,67,59,4,401
18,67,60,8,409
18,67,61,10,419
18,67,62,2,421
18,67,63,10,431
18,67,64,2,433
18,67,65,6,439
18,67,66,4,443
18,67,67,6,449
18,67,68,8,457
18,67,69,4,461
18,67,70,2,463
18,67,71,4,467
18,67,72,12,479
18,67,73,8,487
18,67,74,4,491
18,67,75,8,499
18,67,76,4,503
18,67,77,6,509
18,67,78,12,521
18,67,79,2,523
18,67,80,18,541
18,67,81,6,547
18,67,82,10,557
18,67,83,6,563
18,67,84,6,569
18,67,85,2,571
18,67,86,6,577
18,67,87,10,587
18,67,88,6,593
18,67,89,6,599
18,67,90,2,601
18,67,91,6,607
18,67,92,6,613
18,67,93,4,617
18,67,94,2,619
18,67,95,12,631
18,67,96,10,641
18,67,97,2,643
18,67,98,4,647
18,67,99,6,653
19,71,0,2,73
19,71,1,6,79
19,71,2,4,83
19,71,3,6,89
19,71,4,8,97
19,71,5,4,101
19,71,6,2,103
19,71,7,4,107
19,71,8,2,109
19,71,9,4,113
19,71,10,14,127
19,71,11,4,131
19,71,12,6,137
19,71,13,2,139
19,71,14,10,149
19,71,15,2,151
19,71,16,6,157
19,71,17,6,163
19,71,18,4,167
19,71,19,6,173
19,71,20,6,179
19,71,21,2,181
19,71,22,10,191
19,71,23,2,193
19,71,24,4,197
19,71,25,2,199
19,71,26,12,211
19,71,27,12,223
19,71,28,4,227
19,71,29,2,229
19,71,30,4,233
19,71,31,6,239
19,71,32,2,241
19,71,33,10,251
19,71,34,6,257
19,71,35,6,263
19,71,36,6,269
19,71,37,2,271
19,71,38,6,277
19,71,39,4,281
19,71,40,2,283
19,71,41,10,293
19,71,42,14,307
19,71,43,4,311
19,71,44,2,313
19,71,45,4,317
19,71,46,14,331
19,71,47,6,337
19,71,48,10,347
19,71,49,2,349
19,71,50,4,353
19,71,51,6,359
19,71,52,8,367
19,71,53,6,373
19,71,54,6,379
19,71,55,4,383
19,71,56,6,389
19,71,57,8,397
19,71,58,4,401
19,71,59,8,409
19,71,60,10,419
19,71,61,2,421
19,71,62,10,431
19,71,63,2,433
19,71,64,6,439
19,71,65,4,443
19,71,66,6,449
19,71,67,8,457
19,71,68,4,461
19,71,69,2,463
19,71,70,4,467
19,71,71,12,479
19,71,72,8,487
19,71,73,4,491
19,71,74,8,499
19,71,75,4,503
19,71,76,6,509
19,71,77,12,521
19,71,78,2,523
19,71,79,18,541
19,71,80,6,547
19,71,81,10,557
19,71,82,6,563
19,71,83,6,569
19,71,84,2,571
19,71,85,6,577
19,71,86,10,587
19,71,87,6,593
19,71,88,6,599
19,71,89,2,601
19,71,90,6,607
19,71,91,6,613
19,71,92,4,617
19,71,93,2,619
19,71,94,12,631
19,71,95,10,641
19,71,96,2,643
19,71,97,4,647
19,71,98,6,653
19,71,99,6,659
20,73,0,6,79
20,73,1,4,83
20,73,2,6,89
20,73,3,8,97
20,73,4,4,101
20,73,5,2,103
20,73,6,4,107
20,73,7,2,109
20,73,8,4,113
20,73,9,14,127
20,73,10,4,131
20,73,11,6,137
20,73,12,2,139
20,73,13,10,149
20,73,14,2,151
20,73,15,6,157
20,73,16,6,163
20,73,17,4,167
20,73,18,6,173
20,73,19,6,179
20,73,20,2,181
20,73,21,10,191
20,73,22,2,193
20,73,23,4,197
20,73,24,2,199
20,73,25,12,211
20,73,26,12,223
20,73,27,4,227
20,73,28,2,229
20,73,29,4,233
20,73,30,6,239
20,73,31,2,241
20,73,32,10,251
20,73,33,6,257
20,73,34,6,263
20,73,35,6,269
20,73,36,2,271
20,73,37,6,277
20,73,38,4,281
20,73,39,2,283
20,73,40,10,293
20,73,41,14,307
20,73,42,4,311
20,73,43,2,313
20,73,44,4,317
20,73,45,14,331
20,73,46,6,337
20,73,47,10,347
20,73,48,2,349
20,73,49,4,353
20,73,50,6,359
20,73,51,8,367
20,73,52,6,373
20,73,53,6,379
20,73,54,4,383
20,73,55,6,389
20,73,56,8,397
20,73,57,4,401
20,73,58,8,409
20,73,59,10,419
20,73,60,2,421
20,73,61,10,431
20,73,62,2,433
20,73,63,6,439
20,73,64,4,443
20,73,65,6,449
20,73,66,8,457
20,73,67,4,461
20,73,68,2,463
20,73,69,4,467
20,73,70,12,479
20,73,71,8,487
20,73,72,4,491
20,73,73,8,499
20,73,74,4,503
20,73,75,6,509
20,73,76,12,521
20,73,77,2,523
20,73,78,18,541
20,73,79,6,547
20,73,80,10,557
20,73,81,6,563
20,73,82,6,569
20,73,83,2,571
20,73,84,6,577
20,73,85,10,587
20,73,86,6,593
20,73,87,6,599
20,73,88,2,601
20,73,89,6,607
20,73,90,6,613
20,73,91,4,617
20,73,92,2,619
20,73,93,12,631
20,73,94,10,641
20,73,95,2,643
20,73,96,4,647
20,73,97,6,653
20,73,98,6,659
20,73,99,2,661
21,79,0,4,83
21,79,1,6,89
21,79,2,8,97
21,79,3,4,101
21,79,4,2,103
21,79,5,4,107
21,79,6,2,109
21,79,7,4,113
21,79,8,14,127
21,79,9,4,131
21,79,10,6,137
21,79,11,2,139
21,79,12,10,149
21,79,13,2,151
21,79,14,6,157
21,79,15,6,163
21,79,16,4,167
21,79,17,6,173
21,79,18,6,179
21,79,19,2,181
21,79,20,10,191
21,79,21,2,193
21,79,22,4,197
21,79,23,2,199
21,79,24,12,211
21,79,25,12,223
21,79,26,4,227
21,79,27,2,229
21,79,28,4,233
21,79,29,6,239
21,79,30,2,241
21,79,31,10,251
21,79,32,6,257
21,79,33,6,263
21,79,34,6,269
21,79,35,2,271
21,79,36,6,277
21,79,37,4,281
21,79,38,2,283
21,79,39,10,293
21,79,40,14,307
21,79,41,4,311
21,79,42,2,313
21,79,43,4,317
21,79,44,14,331
21,79,45,6,337
21,79,46,10,347
21,79,47,2,349
21,79,48,4,353
21,79,49,6,359
21,79,50,8,367
21,79,51,6,373
21,79,52,6,379
21,79,53,4,383
21,79,54,6,389
21,79,55,8,397
21,79,56,4,401
21,79,57,8,409
21,79,58,10,419
21,79,59,2,421
21,79,60,10,431
21,79,61,2,433
21,79,62,6,439
21,79,63,4,443
21,79,64,6,449
21,79,65,8,457
21,79,66,4,461
21,79,67,2,463
21,79,68,4,467
21,79,69,12,479
21,79,70,8,487
21,79,71,4,491
21,79,72,8,499
21,79,73,4,503
21,79,74,6,509
21,79,75,12,521
21,79,76,2,523
21,79,77,18,541
21,79,78,6,547
21,79,79,10,557
21,79,80,6,563
21,79,81,6,569
21,79,82,2,571
21,79,83,6,577
21,79,84,10,587
21,79,85,6,593
21,79,86,6,599
21,79,87,2,601
21,79,88,6,607
21,79,89,6,613
21,79,90,4,617
21,79,91,2,619
21,79,92,12,631
21,79,93,10,641
21,79,94,2,643
21,79,95,4,647
21,79,96,6,653
21,79,97,6,659
21,79,98,2,661
21,79,99,12,673
22,83,0,6,89
22,83,1,8,97
22,83,2,4,101
22,83,3,2,103
22,83,4,4,107
22,83,5,2,109
22,83,6,4,113
22,83,7,14,127
22,83,8,4,131
22,83,9,6,137
22,83,10,2,139
22,83,11,10,149
22,83,12,2,151
22,83,13,6,157
22,83,14,6,163
22,83,15,4,167
22,83,16,6,173
22,83,17,6,179
22,83,18,2,181
22,83,19,10,191
22,83,20,2,193
22,83,21,4,197
22,83,22,2,199
22,83,23,12,211
22,83,24,12,223
22,83,25,4,227
22,83,26,2,229
22,83,27,4,233
22,83,28,6,239
22,83,29,2,241
22,83,30,10,251
22,83,31,6,257
22,83,32,6,263
22,83,33,6,269
22,83,34,2,271
22,83,35,6,277
22,83,36,4,281
22,83,37,2,283
22,83,38,10,293
22,83,39,14,307
22,83,40,4,311
22,83,41,2,313
22,83,42,4,317
22,83,43,14,331
22,83,44,6,337
22,83,45,10,347
22,83,46,2,349
22,83,47,4,353
22,83,48,6,359
22,83,49,8,367
22,83,50,6,373
22,83,51,6,379
22,83,52,4,383
22,83,53,6,389
22,83,54,8,397
22,83,55,4,401
22,83,56,8,409
22,83,57,10,419
22,83,58,2,421
22,83,59,10,431
22,83,60,2,433
22,83,61,6,439
22,83,62,4,443
22,83,63,6,449
22,83,64,8,457
22,83,65,4,461
22,83,66,2,463
22,83,67,4,467
22,83,68,12,479
22,83,69,8,487
22,83,70,4,491
22,83,71,8,499
22,83,72,4,503
22,83,73,6,509
22,83,74,12,521
22,83,75,2,523
22,83,76,18,541
22,83,77,6,547
22,83,78,10,557
22,83,79,6,563
22,83,80,6,569
22,83,81,2,571
22,83,82,6,577
22,83,83,10,587
22,83,84,6,593
22,83,85,6,599
22,83,86,2,601
22,83,87,6,607
22,83,88,6,613
22,83,89,4,617
22,83,90,2,619
22,83,91,12,631
22,83,92,10,641
22,83,93,2,643
22,83,94,4,647
22,83,95,6,653
22,83,96,6,659
22,83,97,2,661
22,83,98,12,673
22,83,99,4,677
23,89,0,8,97
23,89,1,4,101
23,89,2,2,103
23,89,3,4,107
23,89,4,2,109
23,89,5,4,113
23,89,6,14,127
23,89,7,4,131
23,89,8,6,137
23,89,9,2,139
23,89,10,10,149
23,89,11,2,151
23,89,12,6,157
23,89,13,6,163
23,89,14,4,167
23,89,15,6,173
23,89,16,6,179
23,89,17,2,181
23,89,18,10,191
23,89,19,2,193
23,89,20,4,197
23,89,21,2,199
23,89,22,12,211
23,89,23,12,223
23,89,24,4,227
23,89,25,2,229
23,89,26,4,233
23,89,27,6,239
23,89,28,2,241
23,89,29,10,251
23,89,30,6,257
23,89,31,6,263
23,89,32,6,269
23,89,33,2,271
23,89,34,6,277
23,89,35,4,281
23,89,36,2,283
23,89,37,10,293
23,89,38,14,307
23,89,39,4,311
23,89,40,2,313
23,89,41,4,317
23,89,42,14,331
23,89,43,6,337
23,89,44,10,347
23,89,45,2,349
23,89,46,4,353
23,89,47,6,359
23,89,48,8,367
23,89,49,6,373
23,89,50,6,379
23,89,51,4,383
23,89,52,6,389
23,89,53,8,397
23,89,54,4,401
23,89,55,8,409
23,89,56,10,419
23,89,57,2,421
23,89,58,10,431
23,89,59,2,433
23,89,60,6,439
23,89,61,4,443
23,89,62,6,449
23,89,63,8,457
23,89,64,4,461
23,89,65,2,463
23,89,66,4,467
23,89,67,12,479
23,89,68,8,487
23,89,69,4,491
23,89,70,8,499
23,89,71,4,503
23,89,72,6,509
23,89,73,12,521
23,89,74,2,523
23,89,75,18,541
23,89,76,6,547
23,89,77,10,557
23,89,78,6,563
23,89,79,6,569
23,89,80,2,571
23,89,81,6,577
23,89,82,10,587
23,89,83,6,593
23,89,84,6,599
23,89,85,2,601
23,89,86,6,607
23,89,87,6,613
23,89,88,4,617
23,89,89,2,619
23,89,90,12,631
23,89,91,10,641
23,89,92,2,643
23,89,93,4,647
23,89,94,6,653
23,89,95,6,659
23,89,96,2,661
23,89,97,12,673
23,89,98,4,677
23,89,99,6,683
24,97,0,4,101
24,97,1,2,103
24,97,2,4,107
24,97,3,2,109
24,97,4,4,113
24,97,5,14,127
24,97,6,4,131
24,97,7,6,137
24,97,8,2,139
24,97,9,10,149
24,97,10,2,151
24,97,11,6,157
24,97,12,6,163
24,97,13,4,167
24,97,14,6,173
24,97,15,6,179
24,97,16,2,181
24,97,17,10,191
24,97,18,2,193
24,97,19,4,197
24,97,20,2,199
24,97,21,12,211
24,97,22,12,223
24,97,23,4,227
24,97,24,2,229
24,97,25,4,233
24,97,26,6,239
24,97,27,2,241
24,97,28,10,251
24,97,29,6,257
24,97,30,6,263
24,97,31,6,269
24,97,32,2,271
24,97,33,6,277
24,97,34,4,281
24,97,35,2,283
24,97,36,10,293
24,97,37,14,307
24,97,38,4,311
24,97,39,2,313
24,97,40,4,317
24,97,41,14,331
24,97,42,6,337
24,97,43,10,347
24,97,44,2,349
24,97,45,4,353
24,97,46,6,359
24,97,47,8,367
24,97,48,6,373
24,97,49,6,379
24,97,50,4,383
24,97,51,6,389
24,97,52,8,397
24,97,53,4,401
24,97,54,8,409
24,97,55,10,419
24,97,56,2,421
24,97,57,10,431
24,97,58,2,433
24,97,59,6,439
24,97,60,4,443
24,97,61,6,449
24,97,62,8,457
24,97,63,4,461
24,97,64,2,463
24,97,65,4,467
24,97,66,12,479
24,97,67,8,487
24,97,68,4,491
24,97,69,8,499
24,97,70,4,503
24,97,71,6,509
24,97,72,12,521
24,97,73,2,523
24,97,74,18,541
24,97,75,6,547
24,97,76,10,557
24,97,77,6,563
24,97,78,6,569
24,97,79,2,571
24,97,80,6,577
24,97,81,10,587
24,97,82,6,593
24,97,83,6,599
24,97,84,2,601
24,97,85,6,607
24,97,86,6,613
24,97,87,4,617
24,97,88,2,619
24,97,89,12,631
24,97,90,10,641
24,97,91,2,643
24,97,92,4,647
24,97,93,6,653
24,97,94,6,659
24,97,95,2,661
24,97,96,12,673
24,97,97,4,677
24,97,98,6,683
24,97,99,8,691
25,101,0,2,103
25,101,1,4,107
25,101,2,2,109
25,101,3,4,113
25,101,4,14,127
25,101,5,4,131
25,101,6,6,137
25,101,7,2,139
25,101,8,10,149
25,101,9,2,151
25,101,10,6,157
25,101,11,6,163
25,101,12,4,167
25,101,13,6,173
25,101,14,6,179
25,101,15,2,181
25,101,16,10,191
25,101,17,2,193
25,101,18,4,197
25,101,19,2,199
25,101,20,12,211
25,101,21,12,223
25,101,22,4,227
25,101,23,2,229
25,101,24,4,233
25,101,25,6,239
25,101,26,2,241
25,101,27,10,251
25,101,28,6,257
25,101,29,6,263
25,101,30,6,269
25,101,31,2,271
25,101,32,6,277
25,101,33,4,281
25,101,34,2,283
25,101,35,10,293
25,101,36,14,307
25,101,37,4,311
25,101,38,2,313
25,101,39,4,317
25,101,40,14,331
25,101,41,6,337
25,101,42,10,347
25,101,43,2,349
25,101,44,4,353
25,101,45,6,359
25,101,46,8,367
25,101,47,6,373
25,101,48,6,379
25,101,49,4,383
25,101,50,6,389
25,101,51,8,397
25,101,52,4,401
25,101,53,8,409
25,101,54,10,419
25,101,55,2,421
25,101,56,10,431
25,101,57,2,433
25,101,58,6,439
25,101,59,4,443
25,101,60,6,449
25,101,61,8,457
25,101,62,4,461
25,101,63,2,463
25,101,64,4,467
25,101,65,12,479
25,101,66,8,487
25,101,67,4,491
25,101,68,8,499
25,101,69,4,503
25,101,70,6,509
25,101,71,12,521
25,101,72,2,523
25,101,73,18,541
25,101,74,6,547
25,101,75,10,557
25,101,76,6,563
25,101,77,6,569
25,101,78,2,571
25,101,79,6,577
25,101,80,10,587
25,101,81,6,593
25,101,82,6,599
25,101,83,2,601
25,101,84,6,607
25,101,85,6,613
25,101,86,4,617
25,101,87,2,619
25,101,88,12,631
25,101,89,10,641
25,101,90,2,643
25,101,91,4,647
25,101,92,6,653
25,101,93,6,659
25,101,94,2,661
25,101,95,12,673
25,101,96,4,677
25,101,97,6,683
25,101,98,8,691
25,101,99,10,701
26,103,0,4,107
26,103,1,2,109
26,103,2,4,113
26,103,3,14,127
26,103,4,4,131
26,103,5,6,137
26,103,6,2,139
26,103,7,10,149
26,103,8,2,151
26,103,9,6,157
26,103,10,6,163
26,103,11,4,167
26,103,12,6,173
26,103,13,6,179
26,103,14,2,181
26,103,15,10,191
26,103,16,2,193
26,103,17,4,197
26,103,18,2,199
26,103,19,12,211
26,103,20,12,223
26,103,21,4,227
26,103,22,2,229
26,103,23,4,233
26,103,24,6,239
26,103,25,2,241
26,103,26,10,251
26,103,27,6,257
26,103,28,6,263
26,103,29,6,269
26,103,30,2,271
26,103,31,6,277
26,103,32,4,281
26,103,33,2,283
26,103,34,10,293
26,103,35,14,307
26,103,36,4,311
26,103,37,2,313
26,103,38,4,317
26,103,39,14,331
26,103,40,6,337
26,103,41,10,347
26,103,42,2,349
26,103,43,4,353
26,103,44,6,359
26,103,45,8,367
26,103,46,6,373
26,103,47,6,379
26,103,48,4,383
26,103,49,6,389
26,103,50,8,397
26,103,51,4,401
26,103,52,8,409
26,103,53,10,419
26,103,54,2,421
26,103,55,10,431
26,103,56,2,433
26,103,57,6,439
26,103,58,4,443
26,103,59,6,449
26,103,60,8,457
26,103,61,4,461
26,103,62,2,463
26,103,63,4,467
26,103,64,12,479
26,103,65,8,487
26,103,66,4,491
26,103,67,8,499
26,103,68,4,503
26,103,69,6,509
26,103,70,12,521
26,103,71,2,523
26,103,72,18,541
26,103,73,6,547
26,103,74,10,557
26,103,75,6,563
26,103,76,6,569
26,103,77,2,571
26,103,78,6,577
26,103,79,10,587
26,103,80,6,593
26,103,81,6,599
26,103,82,2,601
26,103,83,6,607
26,103,84,6,613
26,103,85,4,617
26,103,86,2,619
26,103,87,12,631
26,103,88,10,641
26,103,89,2,643
26,103,90,4,647
26,103,91,6,653
26,103,92,6,659
26,103,93,2,661
26,103,94,12,673
26,103,95,4,677
26,103,96,6,683
26,103,97,8,691
26,103,98,10,701
26,103,99,8,709
27,107,0,2,109
27,107,1,4,113
27,107,2,14,127
27,107,3,4,131
27,107,4,6,137
27,107,5,2,139
27,107,6,10,149
27,107,7,2,151
27,107,8,6,157
27,107,9,6,163
27,107,10,4,167
27,107,11,6,173
27,107,12,6,179
27,107,13,2,181
27,107,14,10,191
27,107,15,2,193
27,107,16,4,197
27,107,17,2,199
27,107,18,12,211
27,107,19,12,223
27,107,20,4,227
27,107,21,2,229
27,107,22,4,233
27,107,23,6,239
27,107,24,2,241
27,107,25,10,251
27,107,26,6,257
27,107,27,6,263
27,107,28,6,269
27,107,29,2,271
27,107,30,6,277
27,107,31,4,281
27,107,32,2,283
27,107,33,10,293
27,107,34,14,307
27,107,35,4,311
27,107,36,2,313
27,107,37,4,317
27,107,38,14,331
27,107,39,6,337
27,107,40,10,347
27,107,41,2,349
27,107,42,4,353
27,107,43,6,359
27,107,44,8,367
27,107,45,6,373
27,107,46,6,379
27,107,47,4,383
27,107,48,6,389
27,107,49,8,397
27,107,50,4,401
27,107,51,8,409
27,107,52,10,419
27,107,53,2,421
27,107,54,10,431
27,107,55,2,433
27,107,56,6,439
27,107,57,4,443
27,107,58,6,449
27,107,59,8,457
27,107,60,4,461
27,107,61,2,463
27,107,62,4,467
27,107,63,12,479
27,107,64,8,487
27,107,65,4,491
27,107,66,8,499
27,107,67,4,503
27,107,68,6,509
27,107,69,12,521
27,107,70,2,523
27,107,71,18,541
27,107,72,6,547
27,107,73,10,557
27,107,74,6,563
27,107,75,6,569
27,107,76,2,571
27,107,77,6,577
27,107,78,10,587
27,107,79,6,593
27,107,80,6,599
27,107,81,2,601
27,107,82,6,607
27,107,83,6,613
27,107,84,4,617
27,107,85,2,619
27,107,86,12,631
27,107,87,10,641
27,107,88,2,643
27,107,89,4,647
27,107,90,6,653
27,107,91,6,659
27,107,92,2,661
27,107,93,12,673
27,107,94,4,677
27,107,95,6,683
27,107,96,8,691
27,107,97,10,701
27,107,98,8,709
27,107,99,10,719
28,109,0,4,113
28,109,1,14,127
28,109,2,4,131
28,109,3,6,137
28,109,4,2,139
28,109,5,10,149
28,109,6,2,151
28,109,7,6,157
28,109,8,6,163
28,109,9,4,167
28,109,10,6,173
28,109,11,6,179
28,109,12,2,181
28,109,13,10,191
28,109,14,2,193
28,109,15,4,197
28,109,16,2,199
28,109,17,12,211
28,109,18,12,223
28,109,19,4,227
28,109,20,2,229
28,109,21,4,233
28,109,22,6,239
28,109,23,2,241
28,109,24,10,251
28,109,25,6,257
28,109,26,6,263
28,109,27,6,269
28,109,28,2,271
28,109,29,6,277
28,109,30,4,281
28,109,31,2,283
28,109,32,10,293
28,109,33,14,307
28,109,34,4,311
28,109,35,2,313
28,109,36,4,317
28,109,37,14,331
28,109,38,6,337
28,109,39,10,347
28,109,40,2,349
28,109,41,4,353
28,109,42,6,359
28,109,43,8,367
28,109,44,6,373
28,109,45,6,379
28,109,46,4,383
28,109,47,6,389
28,109,48,8,397
28,109,49,4,401
28,109,50,8,409
28,109,51,10,419
28,109,52,2,421
28,109,53,10,431
28,109,54,2,433
28,109,55,6,439
28,109,56,4,443
28,109,57,6,449
28,109,58,8,457
28,109,59,4,461
28,109,60,2,463
28,109,61,4,467
28,109,62,12,479
28,109,63,8,487
28,109,64,4,491
28,109,65,8,499
28,109,66,4,503
28,109,67,6,509
28,109,68,12,521
28,109,69,2,523
28,109,70,18,541
28,109,71,6,547
28,109,72,10,557
28,109,73,6,563
28,109,74,6,569
28,109,75,2,571
28,109,76,6,577
28,109,77,10,587
28,109,78,6,593
28,109,79,6,599
28,109,80,2,601
28,109,81,6,607
28,109,82,6,613
28,109,83,4,617
28,109,84,2,619
28,109,85,12,631
28,109,86,10,641
28,109,87,2,643
28,109,88,4,647
28,109,89,6,653
28,109,90,6,659
28,109,91,2,661
28,109,92,12,673
28,109,93,4,677
28,109,94,6,683
28,109,95,8,691
28,109,96,10,701
28,109,97,8,709
28,109,98,10,719
28,109,99,8,727
29,113,0,14,127
29,113,1,4,131
29,113,2,6,137
29,113,3,2,139
29,113,4,10,149
29,113,5,2,151
29,113,6,6,157
29,113,7,6,163
29,113,8,4,167
29,113,9,6,173
29,113,10,6,179
29,113,11,2,181
29,113,12,10,191
29,113,13,2,193
29,113,14,4,197
29,113,15,2,199
29,113,16,12,211
29,113,17,12,223
29,113,18,4,227
29,113,19,2,229
29,113,20,4,233
29,113,21,6,239
29,113,22,2,241
29,113,23,10,251
29,113,24,6,257
29,113,25,6,263
29,113,26,6,269
29,113,27,2,271
29,113,28,6,277
29,113,29,4,281
29,113,30,2,283
29,113,31,10,293
29,113,32,14,307
29,113,33,4,311
29,113,34,2,313
29,113,35,4,317
29,113,36,14,331
29,113,37,6,337
29,113,38,10,347
29,113,39,2,349
29,113,40,4,353
29,113,41,6,359
29,113,42,8,367
29,113,43,6,373
29,113,44,6,379
29,113,45,4,383
29,113,46,6,389
29,113,47,8,397
29,113,48,4,401
29,113,49,8,409
29,113,50,10,419
29,113,51,2,421
29,113,52,10,431
29,113,53,2,433
29,113,54,6,439
29,113,55,4,443
29,113,56,6,449
29,113,57,8,457
29,113,58,4,461
29,113,59,2,463
29,113,60,4,467
29,113,61,12,479
29,113,62,8,487
29,113,63,4,491
29,113,64,8,499
29,113,65,4,503
29,113,66,6,509
29,113,67,12,521
29,113,68,2,523
29,113,69,18,541
29,113,70,6,547
29,113,71,10,557
29,113,72,6,563
29,113,73,6,569
29,113,74,2,571
29,113,75,6,577
29,113,76,10,587
29,113,77,6,593
29,113,78,6,599
29,113,79,2,601
29,113,80,6,607
29,113,81,6,613
29,113,82,4,617
29,113,83,2,619
29,113,84,12,631
29,113,85,10,641
29,113,86,2,643
29,113,87,4,647
29,113,88,6,653
29,113,89,6,659
29,113,90,2,661
29,113,91,12,673
29,113,92,4,677
29,113,93,6,683
29,113,94,8,691
29,113,95,10,701
29,113,96,8,709
29,113,97,10,719
29,113,98,8,727
29,113,99,6,733
30,127,0,4,131
30,127,1,6,137
30,127,2,2,139
30,127,3,10,149
30,127,4,2,151
30,127,5,6,157
30,127,6,6,163
30,127,7,4,167
30,127,8,6,173
30,127,9,6,179
30,127,10,2,181
30,127,11,10,191
30,127,12,2,193
30,127,13,4,197
30,127,14,2,199
30,127,15,12,211
30,127,16,12,223
30,127,17,4,227
30,127,18,2,229
30,127,19,4,233
30,127,20,6,239
30,127,21,2,241
30,127,22,10,251
30,127,23,6,257
30,127,24,6,263
30,127,25,6,269
30,127,26,2,271
30,127,27,6,277
30,127,28,4,281
30,127,29,2,283
30,127,30,10,293
30,127,31,14,307
30,127,32,4,311
30,127,33,2,313
30,127,34,4,317
30,127,35,14,331
30,127,36,6,337
30,127,37,10,347
30,127,38,2,349
30,127,39,4,353
30,127,40,6,359
30,127,41,8,367
30,127,42,6,373
30,127,43,6,379
30,127,44,4,383
30,127,45,6,389
30,127,46,8,397
30,127,47,4,401
30,127,48,8,409
30,127,49,10,419
30,127,50,2,421
30,127,51,10,431
30,127,52,2,433
30,127,53,6,439
30,127,54,4,443
30,127,55,6,449
30,127,56,8,457
30,127,57,4,461
30,127,58,2,463
30,127,59,4,467
30,127,60,12,479
30,127,61,8,487
30,127,62,4,491
30,127,63,8,499
30,127,64,4,503
30,127,65,6,509
30,127,66,12,521
30,127,67,2,523
30,127,68,18,541
30,127,69,6,547
30,127,70,10,557
30,127,71,6,563
30,127,72,6,569
30,127,73,2,571
30,127,74,6,577
30,127,75,10,587
30,127,76,6,593
30,127,77,6,599
30,127,78,2,601
30,127,79,6,607
30,127,80,6,613
30,127,81,4,617
30,127,82,2,619
30,127,83,12,631
30,127,84,10,641
30,127,85,2,643
30,127,86,4,647
30,127,87,6,653
30,127,88,6,659
30,127,89,2,661
30,127,90,12,673
30,127,91,4,677
30,127,92,6,683
30,127,93,8,691
30,127,94,10,701
30,127,95,8,709
30,127,96,10,719
30,127,97,8,727
30,127,98,6,733
30,127,99,6,739
31,131,0,6,137
31,131,1,2,139
31,131,2,10,149
31,131,3,2,151
31,131,4,6,157
31,131,5,6,163
31,131,6,4,167
31,131,7,6,173
31,131,8,6,179
31,131,9,2,181
31,131,10,10,191
31,131,11,2,193
31,131,12,4,197
31,131,13,2,199
31,131,14,12,211
31,131,15,12,223
31,131,16,4,227
31,131,17,2,229
31,131,18,4,233
31,131,19,6,239
31,131,20,2,241
31,131,21,10,251
31,131,22,6,257
31,131,23,6,263
31,131,24,6,269
31,131,25,2,271
31,131,26,6,277
31,131,27,4,281
31,131,28,2,283
31,131,29,10,293
31,131,30,14,307
31,131,31,4,311
31,131,32,2,313
31,131,33,4,317
31,131,34,14,331
31,131,35,6,337
31,131,36,10,347
31,131,37,2,349
31,131,38,4,353
31,131,39,6,359
31,131,40,8,367
31,131,41,6,373
31,131,42,6,379
31,131,43,4,383
31,131,44,6,389
31,131,45,8,397
31,131,46,4,401
31,131,47,8,409
31,131,48,10,419
31,131,49,2,421
31,131,50,10,431
31,131,51,2,433
31,131,52,6,439
31,131,53,4,443
31,131,54,6,449
31,131,55,8,457
31,131,56,4,461
31,131,57,2,463
31,131,58,4,467
31,131,59,12,479
31,131,60,8,487
31,131,61,4,491
31,131,62,8,499
31,131,63,4,503
31,131,64,6,509
31,131,65,12,521
31,131,66,2,523
31,131,67,18,541
31,131,68,6,547
31,131,69,10,557
31,131,70,6,563
31,131,71,6,569
31,131,72,2,571
31,131,73,6,577
31,131,74,10,587
31,131,75,6,593
31,131,76,6,599
31,131,77,2,601
31,131,78,6,607
31,131,79,6,613
31,131,80,4,617
31,131,81,2,619
31,131,82,12,631
31,131,83,10,641
31,131,84,2,643
31,131,85,4,647
31,131,86,6,653
31,131,87,6,659
31,131,88,2,661
31,131,89,12,673
31,131,90,4,677
31,131,91,6,683
31,131,92,8,691
31,131,93,10,701
31,131,94,8,709
31,131,95,10,719
31,131,96,8,727
31,131,97,6,733
31,131,98,6,739
31,131,99,4,743
32,137,0,2,139
32,137,1,10,149
32,137,2,2,151
32,137,3,6,157
32,137,4,6,163
32,137,5,4,167
32,137,6,6,173
32,137,7,6,179
32,137,8,2,181
32,137,9,10,191
32,137,10,2,193
32,137,11,4,197
32,137,12,2,199
32,137,13,12,211
32,137,14,12,223
32,137,15,4,227
32,137,16,2,229
32,137,17,4,233
32,137,18,6,239
32,137,19,2,241
32,137,20,10,251
32,137,21,6,257
32,137,22,6,263
32,137,23,6,269
32,137,24,2,271
32,137,25,6,277
32,137,26,4,281
32,137,27,2,283
32,137,28,10,293
32,137,29,14,307
32,137,30,4,311
32,137,31,2,313
32,137,32,4,317
32,137,33,14,331
32,137,34,6,337
32,137,35,10,347
32,137,36,2,349
32,137,37,4,353
32,137,38,6,359
32,137,39,8,367
32,137,40,6,373
32,137,41,6,379
32,137,42,4,383
32,137,43,6,389
32,137,44,8,397
32,137,45,4,401
32,137,46,8,409
32,137,47,10,419
32,137,48,2,421
32,137,49,10,431
32,137,50,2,433
32,137,51,6,439
32,137,52,4,443
32,137,53,6,449
32,137,54,8,457
32,137,55,4,461
32,137,56,2,463
32,137,57,4,467
32,137,58,12,479
32,137,59,8,487
32,137,60,4,491
32,137,61,8,499
32,137,62,4,503
32,137,63,6,509
32,137,64,12,521
32,137,65,2,523
32,137,66,18,541
32,137,67,6,547
32,137,68,10,557
32,137,69,6,563
32,137,70,6,569
32,137,71,2,571
32,137,72,6,577
32,137,73,10,587
32,137,74,6,593
32,137,75,6,599
32,137,76,2,601
32,137,77,6,607
32,137,78,6,613
32,137,79,4,617
32,137,80,2,619
32,137,81,12,631
32,137,82,10,641
32,137,83,2,643
32,137,84,4,647
32,137,85,6,653
32,137,86,6,659
32,137,87,2,661
32,137,88,12,673
32,137,89,4,677
32,137,90,6,683
32,137,91,8,691
32,137,92,10,701
32,137,93,8,709
32,137,94,10,719
32,137,95,8,727
32,137,96,6,733
32,137,97,6,739
32,137,98,4,743
32,137,99,8,751
33,139,0,10,149
33,139,1,2,151
33,139,2,6,157
33,139,3,6,163
33,139,4,4,167
33,139,5,6,173
33,139,6,6,179
33,139,7,2,181
33,139,8,10,191
33,139,9,2,193
33,139,10,4,197
33,139,11,2,199
33,139,12,12,211
33,139,13,12,223
33,139,14,4,227
33,139,15,2,229
33,139,16,4,233
33,139,17,6,239
33,139,18,2,241
33,139,19,10,251
33,139,20,6,257
33,139,21,6,263
33,139,22,6,269
33,139,23,2,271
33,139,24,6,277
33,139,25,4,281
33,139,26,2,283
33,139,27,10,293
33,139,28,14,307
33,139,29,4,311
33,139,30,2,313
33,139,31,4,317
33,139,32,14,331
33,139,33,6,337
33,139,34,10,347
33,139,35,2,349
33,139,36,4,353
33,139,37,6,359
33,139,38,8,367
33,139,39,6,373
33,139,40,6,379
33,139,41,4,383
33,139,42,6,389
33,139,43,8,397
33,139,44,4,401
33,139,45,8,409
33,139,46,10,419
33,139,47,2,421
33,139,48,10,431
33,139,49,2,433
33,139,50,6,439
33,139,51,4,443
33,139,52,6,449
33,139,53,8,457
33,139,54,4,461
33,139,55,2,463
33,139,56,4,467
33,139,57,12,479
33,139,58,8,487
33,139,59,4,491
33,139,60,8,499
33,139,61,4,503
33,139,62,6,509
33,139,63,12,521
33,139,64,2,523
33,139,65,18,541
33,139,66,6,547
33,139,67,10,557
33,139,68,6,563
33,139,69,6,569
33,139,70,2,571
33,139,71,6,577
33,139,72,10,587
33,139,73,6,593
33,139,74,6,599
33,139,75,2,601
33,139,76,6,607
33,139,77,6,613
33,139,78,4,617
33,139,79,2,619
33,139,80,12,631
33,139,81,10,641
33,139,82,2,643
33,139,83,4,647
33,139,84,6,653
33,139,85,6,659
33,139,86,2,661
33,139,87,12,673
33,139,88,4,677
33,139,89,6,683
33,139,90,8,691
33,139,91,10,701
33,139,92,8,709
33,139,93,10,719
33,139,94,8,727
33,139,95,6,733
33,139,96,6,739
33,139,97,4,743
33,139,98,8,751
33,139,99,6,757
34,149,0,2,151
34,149,1,6,157
34,149,2,6,163
34,149,3,4,167
34,149,4,6,173
34,149,5,6,179
34,149,6,2,181
34,149,7,10,191
34,149,8,2,193
34,149,9,4,197
34,149,10,2,199
34,149,11,12,211
34,149,12,12,223
34,149,13,4,227
34,149,14,2,229
34,149,15,4,233
34,149,16,6,239
34,149,17,2,241
34,149,18,10,251
34,149,19,6,257
34,149,20,6,263
34,149,21,6,269
34,149,22,2,271
34,149,23,6,277
34,149,24,4,281
34,149,25,2,283
34,149,26,10,293
34,149,27,14,307
34,149,28,4,311
34,149,29,2,313
34,149,30,4,317
34,149,31,14,331
34,149,32,6,337
34,149,33,10,347
34,149,34,2,349
34,149,35,4,353
34,149,36,6,359
34,149,37,8,367
34,149,38,6,373
34,149,39,6,379
34,149,40,4,383
34,149,41,6,389
34,149,42,8,397
34,149,43,4,401
34,149,44,8,409
34,149,45,10,419
34,149,46,2,421
34,149,47,10,431
34,149,48,2,433
34,149,49,6,439
34,149,50,4,443
34,149,51,6,449
34,149,52,8,457
34,149,53,4,461
34,149,54,2,463
34,149,55,4,467
34,149,56,12,479
34,149,57,8,487
34,149,58,4,491
34,149,59,8,499
34,149,60,4,503
34,149,61,6,509
34,149,62,12,521
34,149,63,2,523
34,149,64,18,541
34,149,65,6,547
34,149,66,10,557
34,149,67,6,563
34,149,68,6,569
34,149,69,2,571
34,149,70,6,577
34,149,71,10,587
34,149,72,6,593
34,149,73,6,599
34,149,74,2,601
34,149,75,6,607
34,149,76,6,613
34,149,77,4,617
34,149,78,2,619
34,149,79,12,631
34,149,80,10,641
34,149,81,2,643
34,149,82,4,647
34,149,83,6,653
34,149,84,6,659
34,149,85,2,661
34,149,86,12,673
34,149,87,4,677
34,149,88,6,683
34,149,89,8,691
34,149,90,10,701
34,149,91,8,709
34,149,92,10,719
34,149,93,8,727
34,149,94,6,733
34,149,95,6,739
34,149,96,4,743
34,149,97,8,751
34,149,98,6,757
34,149,99,4,761
35,151,0,6,157
35,151,1,6,163
35,151,2,4,167
35,151,3,6,173
35,151,4,6,179
35,151,5,2,181
35,151,6,10,191
35,151,7,2,193
35,151,8,4,197
35,151,9,2,199
35,151,10,12,211
35,151,11,12,223
35,151,12,4,227
35,151,13,2,229
35,151,14,4,233
35,151,15,6,239
35,151,16,2,241
35,151,17,10,251
35,151,18,6,257
35,151,19,6,263
35,151,20,6,269
35,151,21,2,271
35,151,22,6,277
35,151,23,4,281
35,151,24,2,283
35,151,25,10,293
35,151,26,14,307
35,151,27,4,311
35,151,28,2,313
35,151,29,4,317
35,151,30,14,331
35,151,31,6,337
35,151,32,10,347
35,151,33,2,349
35,151,34,4,353
35,151,35,6,359
35,151,36,8,367
35,151,37,6,373
35,151,38,6,379
35,151,39,4,383
35,151,40,6,389
35,151,41,8,397
35,151,42,4,401
35,151,43,8,409
35,151,44,10,419
35,151,45,2,421
35,151,46,10,431
35,151,47,2,433
35,151,48,6,439
35,151,49,4,443
35,151,50,6,449
35,151,51,8,457
35,151,52,4,461
35,151,53,2,463
35,151,54,4,467
35,151,55,12,479
35,151,56,8,487
35,151,57,4,491
35,151,58,8,499
35,151,59,4,503
35,151,60,6,509
35,151,61,12,521
35,151,62,2,523
35,151,63,18,541
35,151,64,6,547
35,151,65,10,557
35,151,66,6,563
35,151,67,6,569
35,151,68,2,571
35,151,69,6,577
35,151,70,10,587
35,151,71,6,593
35,151,72,6,599
35,151,73,2,601
35,151,74,6,607
35,151,75,6,613
35,151,76,4,617
35,151,77,2,619
35,151,78,12,631
35,151,79,10,641
35,151,80,2,643
35,151,81,4,647
35,151,82,6,653
35,151,83,6,659
35,151,84,2,661
35,151,85,12,673
35,151,86,4,677
35,151,87,6,683
35,151,88,8,691
35,151,89,10,701
35,151,90,8,709
35,151,91,10,719
35,151,92,8,727
35,151,93,6,733
35,151,94,6,739
35,151,95,4,743
35,151,96,8,751
35,151,97,6,757
35,151,98,4,761
35,151,99,8,769
36,157,0,6,163
36,157,1,4,167
36,157,2,6,173
36,157,3,6,179
36,157,4,2,181
36,157,5,10,191
36,157,6,2,193
36,157,7,4,197
36,157,8,2,199
36,157,9,12,211
36,157,10,12,223
36,157,11,4,227
36,157,12,2,229
36,157,13,4,233
36,157,14,6,239
36,157,15,2,241
36,157,16,10,251
36,157,17,6,257
36,157,18,6,263
36,157,19,6,269
36,157,20,2,271
36,157,21,6,277
36,157,22,4,281
36,157,23,2,283
36,157,24,10,293
36,157,25,14,307
36,157,26,4,311
36,157,27,2,313
36,157,28,4,317
36,157,29,14,331
36,157,30,6,337
36,157,31,10,347
36,157,32,2,349
36,157,33,4,353
36,157,34,6,359
36,157,35,8,367
36,157,36,6,373
36,157,37,6,379
36,157,38,4,383
36,157,39,6,389
36,157,40,8,397
36,157,41,4,401
36,157,42,8,409
36,157,43,10,419
36,157,44,2,421
36,157,45,10,431
36,157,46,2,433
36,157,47,6,439
36,157,48,4,443
36,157,49,6,449
36,157,50,8,457
36,157,51,4,461
36,157,52,2,463
36,157,53,4,467
36,157,54,12,479
36,157,55,8,487
36,157,56,4,491
36,157,57,8,499
36,157,58,4,503
36,157,59,6,509
36,157,60,12,521
36,157,61,2,523
36,157,62,18,541
36,157,63,6,547
36,157,64,10,557
36,157,65,6,563
36,157,66,6,569
36,157,67,2,571
36,157,68,6,577
36,157,69,10,587
36,157,70,6,593
36,157,71,6,599
36,157,72,2,601
36,157,73,6,607
36,157,74,6,613
36,157,75,4,617
36,157,76,2,619
36,157,77,12,631
36,157,78,10,641
36,157,79,2,643
36,157,80,4,647
36,157,81,6,653
36,157,82,6,659
36,157,83,2,661
36,157,84,12,673
36,157,85,4,677
36,157,86,6,683
36,157,87,8,691
36,157,88,10,701
36,157,89,8,709
36,157,90,10,719
36,157,91,8,727
36,157,92,6,733
36,157,93,6,739
36,157,94,4,743
36,157,95,8,751
36,157,96,6,757
36,157,97,4,761
36,157,98,8,769
36,157,99,4,773
37,163,0,4,167
37,163,1,6,173
37,163,2,6,179
37,163,3,2,181
37,163,4,10,191
37,163,5,2,193
37,163,6,4,197
37,163,7,2,199
37,163,8,12,211
37,163,9,12,223
37,163,10,4,227
37,163,11,2,229
37,163,12,4,233
37,163,13,6,239
37,163,14,2,241
37,163,15,10,251
37,163,16,6,257
37,163,17,6,263
37,163,18,6,269
37,163,19,2,271
37,163,20,6,277
37,163,21,4,281
37,163,22,2,283
37,163,23,10,293
37,163,24,14,307
37,163,25,4,311
37,163,26,2,313
37,163,27,4,317
37,163,28,14,331
37,163,29,6,337
37,163,30,10,347
37,163,31,2,349
37,163,32,4,353
37,163,33,6,359
37,163,34,8,367
37,163,35,6,373
37,163,36,6,379
37,163,37,4,383
37,163,38,6,389
37,163,39,8,397
37,163,40,4,401
37,163,41,8,409
37,163,42,10,419
37,163,43,2,421
37,163,44,10,431
37,163,45,2,433
37,163,46,6,439
37,163,47,4,443
37,163,48,6,449
37,163,49,8,457
37,163,50,4,461
37,163,51,2,463
37,163,52,4,467
37,163,53,12,479
37,163,54,8,487
37,163,55,4,491
37,163,56,8,499
37,163,57,4,503
37,163,58,6,509
37,163,59,12,521
37,163,60,2,523
37,163,61,18,541
37,163,62,6,547
37,163,63,10,557
37,163,64,6,563
37,163,65,6,569
37,163,66,2,571
37,163,67,6,577
37,163,68,10,587
37,163,69,6,593
37,163,70,6,599
37,163,71,2,601
37,163,72,6,607
37,163,73,6,613
37,163,74,4,617
37,163,75,2,619
37,163,76,12,631
37,163,77,10,641
37,163,78,2,643
37,163,79,4,647
37,163,80,6,653
37,163,81,6,659
37,163,82,2,661
37,163,83,12,673
37,163,84,4,677
37,163,85,6,683
37,163,86,8,691
37,163,87,10,701
37,163,88,8,709
37,163,89,10,719
37,163,90,8,727
37,163,91,6,733
37,163,92,6,739
37,163,93,4,743
37,163,94,8,751
37,163,95,6,757
37,163,96,4,761
37,163,97,8,769
37,163,98,4,773
37,163,99,14,787
38,167,0,6,173
38,167,1,6,179
38,167,2,2,181
38,167,3,10,191
38,167,4,2,193
38,167,5,4,197
38,167,6,2,199
38,167,7,12,211
38,167,8,12,223
38,167,9,4,227
38,167,10,2,229
38,167,11,4,233
38,167,12,6,239
38,167,13,2,241
38,167,14,10,251
38,167,15,6,257
38,167,16,6,263
38,167,17,6,269
38,167,18,2,271
38,167,19,6,277
38,167,20,4,281
38,167,21,2,283
38,167,22,10,293
38,167,23,14,307
38,167,24,4,311
38,167,25,2,313
38,167,26,4,317
38,167,27,14,331
38,167,28,6,337
38,167,29,10,347
38,167,30,2,349
38,167,31,4,353
38,167,32,6,359
38,167,33,8,367
38,167,34,6,373
38,167,35,6,379
38,167,36,4,383
38,167,37,6,389
38,167,38,8,397
38,167,39,4,401
38,167,40,8,409
38,167,41,10,419
38,167,42,2,421
38,167,43,10,431
38,167,44,2,433
38,167,45,6,439
38,167,46,4,443
38,167,47,6,449
38,167,48,8,457
38,167,49,4,461
38,167,50,2,463
38,167,51,4,467
38,167,52,12,479
38,167,53,8,487
38,167,54,4,491
38,167,55,8,499
38,167,56,4,503
38,167,57,6,509
38,167,58,12,521
38,167,59,2,523
38,167,60,18,541
38,167,61,6,547
38,167,62,10,557
38,167,63,6,563
38,167,64,6,569
38,167,65,2,571
38,167,66,6,577
38,167,67,10,587
38,167,68,6,593
38,167,69,6,599
38,167,70,2,601
38,167,71,6,607
38,167,72,6,613
38,167,73,4,617
38,167,74,2,619
38,167,75,12,631
38,167,76,10,641
38,167,77,2,643
38,167,78,4,647
38,167,79,6,653
38,167,80,6,659
38,167,81,2,661
38,167,82,12,673
38,167,83,4,677
38,167,84,6,683
38,167,85,8,691
38,167,86,10,701
38,167,87,8,709
38,167,88,10,719
38,167,89,8,727
38,167,90,6,733
38,167,91,6,739
38,167,92,4,743
38,167,93,8,751
38,167,94,6,757
38,167,95,4,761
38,167,96,8,769
38,167,97,4,773
38,167,98,14,787
38,167,99,10,797
39,173,0,6,179
39,173,1,2,181
39,173,2,10,191
39,173,3,2,193
39,173,4,4,197
39,173,5,2,199
39,173,6,12,211
39,173,7,12,223
39,173,8,4,227
39,173,9,2,229
39,173,10,4,233
39,173,11,6,239
39,173,12,2,241
39,173,13,10,251
39,173,14,6,257
39,173,15,6,263
39,173,16,6,269
39,173,17,2,271
39,173,18,6,277
39,173,19,4,281
39,173,20,2,283
39,173,21,10,293
39,173,22,14,307
39,173,23,4,311
39,173,24,2,313
39,173,25,4,317
39,173,26,14,331
39,173,27,6,337
39,173,28,10,347
39,173,29,2,349
39,173,30,4,353
39,173,31,6,359
39,173,32,8,367
39,173,33,6,373
39,173,34,6,379
39,173,35,4,383
39,173,36,6,389
39,173,37,8,397
39,173,38,4,401
39,173,39,8,409
39,173,40,10,419
39,173,41,2,421
39,173,42,10,431
39,173,43,2,433
39,173,44,6,439
39,173,45,4,443
39,173,46,6,449
39,173,47,8,457
39,173,48,4,461
39,173,49,2,463
39,173,50,4,467
39,173,51,12,479
39,173,52,8,487
39,173,53,4,491
39,173,54,8,499
39,173,55,4,503
39,173,56,6,509
39,173,57,12,521
39,173,58,2,523
39,173,59,18,541
39,173,60,6,547
39,173,61,10,557
39,173,62,6,563
39,173,63,6,569
39,173,64,2,571
39,173,65,6,577
39,173,66,10,587
39,173,67,6,593
39,173,68,6,599
39,173,69,2,601
39,173,70,6,607
39,173,71,6,613
39,173,72,4,617
39,173,73,2,619
39,173,74,12,631
39,173,75,10,641
39,173,76,2,643
39,173,77,4,647
39,173,78,6,653
39,173,79,6,659
39,173,80,2,661
39,173,81,12,673
39,173,82,4,677
39,173,83,6,683
39,173,84,8,691
39,173,85,10,701
39,173,86,8,709
39,173,87,10,719
39,173,88,8,727
39,173,89,6,733
39,173,90,6,739
39,173,91,4,743
39,173,92,8,751
39,173,93,6,757
39,173,94,4,761
39,173,95,8,769
39,173,96,4,773
39,173,97,14,787
39,173,98,10,797
39,173,99,12,809
40,179,0,2,181
40,179,1,10,191
40,179,2,2,193
40,179,3,4,197
40,179,4,2,199
40,179,5,12,211
40,179,6,12,223
40,179,7,4,227
40,179,8,2,229
40,179,9,4,233
40,179,10,6,239
40,179,11,2,241
40,179,12,10,251
40,179,13,6,257
40,179,14,6,263
40,179,15,6,269
40,179,16,2,271
40,179,17,6,277
40,179,18,4,281
40,179,19,2,283
40,179,20,10,293
40,179,21,14,307
40,179,22,4,311
40,179,23,2,313
40,179,24,4,317
40,179,25,14,331
40,179,26,6,337
40,179,27,10,347
40,179,28,2,349
40,179,29,4,353
40,179,30,6,359
40,179,31,8,367
40,179,32,6,373
40,179,33,6,379
40,179,34,4,383
40,179,35,6,389
40,179,36,8,397
40,179,37,4,401
40,179,38,8,409
40,179,39,10,419
40,179,40,2,421
40,179,41,10,431
40,179,42,2,433
40,179,43,6,439
40,179,44,4,443
40,179,45,6,449
40,179,46,8,457
40,179,47,4,461
40,179,48,2,463
40,179,49,4,467
40,179,50,12,479
40,179,51,8,487
40,179,52,4,491
40,179,53,8,499
40,179,54,4,503
40,179,55,6,509
40,179,56,12,521
40,179,57,2,523
40,179,58,18,541
40,179,59,6,547
40,179,60,10,557
40,179,61,6,563
40,179,62,6,569
40,179,63,2,571
40,179,64,6,577
40,179,65,10,587
40,179,66,6,593
40,179,67,6,599
40,179,68,2,601
40,179,69,6,607
40,179,70,6,613
40,179,71,4,617
40,179,72,2,619
40,179,73,12,631
40,179,74,10,641
40,179,75,2,643
40,179,76,4,647
40,179,77,6,653
40,179,78,6,659
40,179,79,2,661
40,179,80,12,673
40,179,81,4,677
40,179,82,6,683
40,179,83,8,691
40,179,84,10,701
40,179,85,8,709
40,179,86,10,719
40,179,87,8,727
40,179,88,6,733
40,179,89,6,739
40,179,90,4,743
40,179,91,8,751
40,179,92,6,757
40,179,93,4,761
40,179,94,8,769
40,179,95,4,773
40,179,96,14,787
40,179,97,10,797
40,179,98,12,809
40,179,99,2,811
41,181,0,10,191
41,181,1,2,193
41,181,2,4,197
41,181,3,2,199
41,181,4,12,211
41,181,5,12,223
41,181,6,4,227
41,181,7,2,229
41,181,8,4,233
41,181,9,6,239
41,181,10,2,241
41,181,11,10,251
41,181,12,6,257
41,181,13,6,263
41,181,14,6,269
41,181,15,2,271
41,181,16,6,277
41,181,17,4,281
41,181,18,2,283
41,181,19,10,293
41,181,20,14,307
41,181,21,4,311
41,181,22,2,313
41,181,23,4,317
41,181,24,14,331
41,181,25,6,337
41,181,26,10,347
41,181,27,2,349
41,181,28,4,353
41,181,29,6,359
41,181,30,8,367
41,181,31,6,373
41,181,32,6,379
41,181,33,4,383
41,181,34,6,389
41,181,35,8,397
41,181,36,4,401
41,181,37,8,409
41,181,38,10,419
41,181,39,2,421
41,181,40,10,431
41,181,41,2,433
41,181,42,6,439
41,181,43,4,443
41,181,44,6,449
41,181,45,8,457
41,181,46,4,461
41,181,47,2,463
41,181,48,4,467
41,181,49,12,479
41,181,50,8,487
41,181,51,4,491
41,181,52,8,499
41,181,53,4,503
41,181,54,6,509
41,181,55,12,521
41,181,56,2,523
41,181,57,18,541
41,181,58,6,547
41,181,59,10,557
41,181,60,6,563
41,181,61,6,569
41,181,62,2,571
41,181,63,6,577
41,181,64,10,587
41,181,65,6,593
41,181,66,6,599
41,181,67,2,601
41,181,68,6,607
41,181,69,6,613
41,181,70,4,617
41,181,71,2,619
41,181,72,12,631
41,181,73,10,641
41,181,74,2,643
41,181,75,4,647
41,181,76,6,653
41,181,77,6,659
41,181,78,2,661
41,181,79,12,673
41,181,80,4,677
41,181,81,6,683
41,181,82,8,691
41,181,83,10,701
41,181,84,8,709
41,181,85,10,719
41,181,86,8,727
41,181,87,6,733
41,181,88,6,739
41,181,89,4,743
41,181,90,8,751
41,181,91,6,757
41,181,92,4,761
41,181,93,8,769
41,181,94,4,773
41,181,95,14,787
41,181,96,10,797
41,181,97,12,809
41,181,98,2,811
41,181,99,10,821
42,191,0,2,193
42,191,1,4,197
42,191,2,2,199
42,191,3,12,211
42,191,4,12,223
42,191,5,4,227
42,191,6,2,229
42,191,7,4,233
42,191,8,6,239
42,191,9,2,241
42,191,10,10,251
42,191,11,6,257
42,191,12,6,263
42,191,13,6,269
42,191,14,2,271
42,191,15,6,277
42,191,16,4,281
42,191,17,2,283
42,191,18,10,293
42,191,19,14,307
42,191,20,4,311
42,191,21,2,313
42,191,22,4,317
42,191,23,14,331
42,191,24,6,337
42,191,25,10,347
42,191,26,2,349
42,191,27,4,353
42,191,28,6,359
42,191,29,8,367
42,191,30,6,373
42,191,31,6,379
42,191,32,4,383
42,191,33,6,389
42,191,34,8,397
42,191,35,4,401
42,191,36,8,409
42,191,37,10,419
42,191,38,2,421
42,191,39,10,431
42,191,40,2,433
42,191,41,6,439
42,191,42,4,443
42,191,43,6,449
42,191,44,8,457
42,191,45,4,461
42,191,46,2,463
42,191,47,4,467
42,191,48,12,479
42,191,49,8,487
42,191,50,4,491
42,191,51,8,499
42,191,52,4,503
42,191,53,6,509
42,191,54,12,521
42,191,55,2,523
42,191,56,18,541
42,191,57,6,547
42,191,58,10,557
42,191,59,6,563
42,191,60,6,569
42,191,61,2,571
42,191,62,6,577
42,191,63,10,587
42,191,64,6,593
42,191,65,6,599
42,191,66,2,601
42,191,67,6,607
42,191,68,6,613
42,191,69,4,617
42,191,70,2,619
42,191,71,12,631
42,191,72,10,641
42,191,73,2,643
42,191,74,4,647
42,191,75,6,653
42,191,76,6,659
42,191,77,2,661
42,191,78,12,673
42,191,79,4,677
42,191,80,6,683
42,191,81,8,691
42,191,82,10,701
42,191,83,8,709
42,191,84,10,719
42,191,85,8,727
42,191,86,6,733
42,191,87,6,739
42,191,88,4,743
42,191,89,8,751
42,191,90,6,757
42,191,91,4,761
42,191,92,8,769
42,191,93,4,773
42,191,94,14,787
42,191,95,10,797
42,191,96,12,809
42,191,97,2,811
42,191,98,10,821
42,191,99,2,823
43,193,0,4,197
43,193,1,2,199
43,193,2,12,211
43,193,3,12,223
43,193,4,4,227
43,193,5,2,229
43,193,6,4,233
43,193,7,6,239
43,193,8,2,241
43,193,9,10,251
43,193,10,6,257
43,193,11,6,263
43,193,12,6,269
43,193,13,2,271
43,193,14,6,277
43,193,15,4,281
43,193,16,2,283
43,193,17,10,293
43,193,18,14,307
43,193,19,4,311
43,193,20,2,313
43,193,21,4,317
43,193,22,14,331
43,193,23,6,337
43,193,24,10,347
43,193,25,2,349
43,193,26,4,353
43,193,27,6,359
43,193,28,8,367
43,193,29,6,373
43,193,30,6,379
43,193,31,4,383
43,193,32,6,389
43,193,33,8,397
43,193,34,4,401
43,193,35,8,409
43,193,36,10,419
43,193,37,2,421
43,193,38,10,431
43,193,39,2,433
43,193,40,6,439
43,193,41,4,443
43,193,42,6,449
43,193,43,8,457
43,193,44,4,461
43,193,45,2,463
43,193,46,4,467
43,193,47,12,479
43,193,48,8,487
43,193,49,4,491
43,193,50,8,499
43,193,51,4,503
43,193,52,6,509
43,193,53,12,521
43,193,54,2,523
43,193,55,18,541
43,193,56,6,547
43,193,57,10,557
43,193,58,6,563
43,193,59,6,569
43,193,60,2,571
43,193,61,6,577
43,193,62,10,587
43,193,63,6,593
43,193,64,6,599
43,193,65,2,601
43,193,66,6,607
43,193,67,6,613
43,193,68,4,617
43,193,69,2,619
43,193,70,12,631
43,193,71,10,641
43,193,72,2,643
43,193,73,4,647
43,193,74,6,653
43,193,75,6,659
43,193,76,2,661
43,193,77,12,673
43,193,78,4,677
43,193,79,6,683
43,193,80,8,691
43,193,81,10,701
43,193,82,8,709
43,193,83,10,719
43,193,84,8,727
43,193,85,6,733
43,193,86,6,739
43,193,87,4,743
43,193,88,8,751
43,193,89,6,757
43,193,90,4,761
43,193,91,8,769
43,193,92,4,773
43,193,93,14,787
43,193,94,10,797
43,193,95,12,809
43,193,96,2,811
43,193,97,10,821
43,193,98,2,823
43,193,99,4,827
44,197,0,2,199
44,197,1,12,211
44,197,2,12,223
44,197,3,4,227
44,197,4,2,229
44,197,5,4,233
44,197,6,6,239
44,197,7,2,241
44,197,8,10,251
44,197,9,6,257
44,197,10,6,263
44,197,11,6,269
44,197,12,2,271
44,197,13,6,277
44,197,14,4,281
44,197,15,2,283
44,197,16,10,293
44,197,17,14,307
44,197,18,4,311
44,197,19,2,313
44,197,20,4,317
44,197,21,14,331
44,197,22,6,337
44,197,23,10,347
44,197,24,2,349
44,197,25,4,353
44,197,26,6,359
44,197,27,8,367
44,197,28,6,373
44,197,29,6,379
44,197,30,4,383
44,197,31,6,389
44,197,32,8,397
44,197,33,4,401
44,197,34,8,409
44,197,35,10,419
44,197,36,2,421
44,197,37,10,431
44,197,38,2,433
44,197,39,6,439
44,197,40,4,443
44,197,41,6,449
44,197,42,8,457
44,197,43,4,461
44,197,44,2,463
44,197,45,4,467
44,197,46,12,479
44,197,47,8,487
44,197,48,4,491
44,197,49,8,499
44,197,50,4,503
44,197,51,6,509
44,197,52,12,521
44,197,53,2,523
44,197,54,18,541
44,197,55,6,547
44,197,56,10,557
44,197,57,6,563
44,197,58,6,569
44,197,59,2,571
44,197,60,6,577
44,197,61,10,587
44,197,62,6,593
44,197,63,6,599
44,197,64,2,601
44,197,65,6,607
44,197,66,6,613
44,197,67,4,617
44,197,68,2,619
44,197,69,12,631
44,197,70,10,641
44,197,71,2,643
44,197,72,4,647
44,197,73,6,653
44,197,74,6,659
44,197,75,2,661
44,197,76,12,673
44,197,77,4,677
44,197,78,6,683
44,197,79,8,691
44,197,80,10,701
44,197,81,8,709
44,197,82,10,719
44,197,83,8,727
44,197,84,6,733
44,197,85,6,739
44,197,86,4,743
44,197,87,8,751
44,197,88,6,757
44,197,89,4,761
44,197,90,8,769
44,197,91,4,773
44,197,92,14,787
44,197,93,10,797
44,197,94,12,809
44,197,95,2,811
44,197,96,10,821
44,197,97,2,823
44,197,98,4,827
44,197,99,2,829
45,199,0,12,211
45,199,1,12,223
45,199,2,4,227
45,199,3,2,229
45,199,4,4,233
45,199,5,6,239
45,199,6,2,241
45,199,7,10,251
45,199,8,6,257
45,199,9,6,263
45,199,10,6,269
45,199,11,2,271
45,199,12,6,277
45,199,13,4,281
45,199,14,2,283
45,199,15,10,293
45,199,16,14,307
45,199,17,4,311
45,199,18,2,313
45,199,19,4,317
45,199,20,14,331
45,199,21,6,337
45,199,22,10,347
45,199,23,2,349
45,199,24,4,353
45,199,25,6,359
45,199,26,8,367
45,199,27,6,373
45,199,28,6,379
45,199,29,4,383
45,199,30,6,389
45,199,31,8,397
45,199,32,4,401
45,199,33,8,409
45,199,34,10,419
45,199,35,2,421
45,199,36,10,431
45,199,37,2,433
45,199,38,6,439
45,199,39,4,443
45,199,40,6,449
45,199,41,8,457
45,199,42,4,461
45,199,43,2,463
45,199,44,4,467
45,199,45,12,479
45,199,46,8,487
45,199,47,4,491
45,199,48,8,499
45,199,49,4,503
45,199,50,6,509
45,199,51,12,521
45,199,52,2,523
45,199,53,18,541
45,199,54,6,547
45,199,55,10,557
45,199,56,6,563
45,199,57,6,569
45,199,58,2,571
45,199,59,6,577
45,199,60,10,587
45,199,61,6,593
45,199,62,6,599
45,199,63,2,601
45,199,64,6,607
45,199,65,6,613
45,199,66,4,617
45,199,67,2,619
45,199,68,12,631
45,199,69,10,641
45,199,70,2,643
45,199,71,4,647
45,199,72,6,653
45,199,73,6,659
45,199,74,2,661
45,199,75,12,673
45,199,76,4,677
45,199,77,6,683
45,199,78,8,691
45,199,79,10,701
45,199,80,8,709
45,199,81,10,719
45,199,82,8,727
45,199,83,6,733
45,199,84,6,739
45,199,85,4,743
45,199,86,8,751
45,199,87,6,757
45,199,88,4,761
45,199,89,8,769
45,199,90,4,773
45,199,91,14,787
45,199,92,10,797
45,199,93,12,809
45,199,94,2,811
45,199,95,10,821
45,199,96,2,823
45,199,97,4,827
45,199,98,2,829
45,199,99,10,839
46,211,0,12,223
46,211,1,4,227
46,211,2,2,229
46,211,3,4,233
46,211,4,6,239
46,211,5,2,241
46,211,6,10,251
46,211,7,6,257
46,211,8,6,263
46,211,9,6,269
46,211,10,2,271
46,211,11,6,277
46,211,12,4,281
46,211,13,2,283
46,211,14,10,293
46,211,15,14,307
46,211,16,4,311
46,211,17,2,313
46,211,18,4,317
46,211,19,14,331
46,211,20,6,337
46,211,21,10,347
46,211,22,2,349
46,211,23,4,353
46,211,24,6,359
46,211,25,8,367
46,211,26,6,373
46,211,27,6,379
46,211,28,4,383
46,211,29,6,389
46,211,30,8,397
46,211,31,4,401
46,211,32,8,409
46,211,33,10,419
46,211,34,2,421
46,211,35,10,431
46,211,36,2,433
46,211,37,6,439
46,211,38,4,443
46,211,39,6,449
46,211,40,8,457
46,211,41,4,461
46,211,42,2,463
46,211,43,4,467
46,211,44,12,479
46,211,45,8,487
46,211,46,4,491
46,211,47,8,499
46,211,48,4,503
46,211,49,6,509
46,211,50,12,521
46,211,51,2,523
46,211,52,18,541
46,211,53,6,547
46,211,54,10,557
46,211,55,6,563
46,211,56,6,569
46,211,57,2,571
46,211,58,6,577
46,211,59,10,587
46,211,60,6,593
46,211,61,6,599
46,211,62,2,601
46,211,63,6,607
46,211,64,6,613
46,211,65,4,617
46,211,66,2,619
46,211,67,12,631
46,211,68,10,641
46,211,69,2,643
46,211,70,4,647
46,211,71,6,653
46,211,72,6,659
46,211,73,2,661
46,211,74,12,673
46,211,75,4,677
46,211,76,6,683
46,211,77,8,691
46,211,78,10,701
46,211,79,8,709
46,211,80,10,719
46,211,81,8,727
46,211,82,6,733
46,211,83,6,739
46,211,84,4,743
46,211,85,8,751
46,211,86,6,757
46,211,87,4,761
46,211,88,8,769
46,211,89,4,773
46,211,90,14,787
46,211,91,10,797
46,211,92,12,809
46,211,93,2,811
46,211,94,10,821
46,211,95,2,823
46,211,96,4,827
46,211,97,2,829
46,211,98,10,839
46,211,99,14,853
47,223,0,4,227
47,223,1,2,229
47,223,2,4,233
47,223,3,6,239
47,223,4,2,241
47,223,5,10,251
47,223,6,6,257
47,223,7,6,263
47,223,8,6,269
47,223,9,2,271
47,223,10,6,277
47,223,11,4,281
47,223,12,2,283
47,223,13,10,293
47,223,14,14,307
47,223,15,4,311
47,223,16,2,313
47,223,17,4,317
47,223,18,14,331
47,223,19,6,337
47,223,20,10,347
47,223,21,2,349
47,223,22,4,353
47,223,23,6,359
47,223,24,8,367
47,223,25,6,373
47,223,26,6,379
47,223,27,4,383
47,223,28,6,389
47,223,29,8,397
47,223,30,4,401
47,223,31,8,409
47,223,32,10,419
47,223,33,2,421
47,223,34,10,431
47,223,35,2,433
47,223,36,6,439
47,223,37,4,443
47,223,38,6,449
47,223,39,8,457
47,223,40,4,461
47,223,41,2,463
47,223,42,4,467
47,223,43,12,479
47,223,44,8,487
47,223,45,4,491
47,223,46,8,499
47,223,47,4,503
47,223,48,6,509
47,223,49,12,521
47,223,50,2,523
47,223,51,18,541
47,223,52,6,547
47,223,53,10,557
47,223,54,6,563
47,223,55,6,569
47,223,56,2,571
47,223,57,6,577
47,223,58,10,587
47,223,59,6,593
47,223,60,6,599
47,223,61,2,601
47,223,62,6,607
47,223,63,6,613
47,223,64,4,617
47,223,65,2,619
47,223,66,12,631
47,223,67,10,641
47,223,68,2,643
47,223,69,4,647
47,223,70,6,653
47,223,71,6,659
47,223,72,2,661
47,223,73,12,673
47,223,74,4,677
47,223,75,6,683
47,223,76,8,691
47,223,77,10,701
47,223,78,8,709
47,223,79,10,719
47,223,80,8,727
47,223,81,6,733
47,223,82,6,739
47,223,83,4,743
47,223,84,8,751
47,223,85,6,757
47,223,86,4,761
47,223,87,8,769
47,223,88,4,773
47,223,89,14,787
47,223,90,10,797
47,223,91,12,809
47,223,92,2,811
47,223,93,10,821
47,223,94,2,823
47,223,95,4,827
47,223,96,2,829
47,223,97,10,839
47,223,98,14,853
47,223,99,4,857
48,227,0,2,229
48,227,1,4,233
48,227,2,6,239
48,227,3,2,241
48,227,4,10,251
48,227,5,6,257
48,227,6,6,263
48,227,7,6,269
48,227,8,2,271
48,227,9,6,277
48,227,10,4,281
48,227,11,2,283
48,227,12,10,293
48,227,13,14,307
48,227,14,4,311
48,227,15,2,313
48,227,16,4,317
48,227,17,14,331
48,227,18,6,337
48,227,19,10,347
48,227,20,2,349
48,227,21,4,353
48,227,22,6,359
48,227,23,8,367
48,227,24,6,373
48,227,25,6,379
48,227,26,4,383
48,227,27,6,389
48,227,28,8,397
48,227,29,4,401
48,227,30,8,409
48,227,31,10,419
48,227,32,2,421
48,227,33,10,431
48,227,34,2,433
48,227,35,6,439
48,227,36,4,443
48,227,37,6,449
48,227,38,8,457
48,227,39,4,461
48,227,40,2,463
48,227,41,4,467
48,227,42,12,479
48,227,43,8,487
48,227,44,4,491
48,227,45,8,499
48,227,46,4,503
48,227,47,6,509
48,227,48,12,521
48,227,49,2,523
48,227,50,18,541
48,227,51,6,547
48,227,52,10,557
48,227,53,6,563
48,227,54,6,569
48,227,55,2,571
48,227,56,6,577
48,227,57,10,587
48,227,58,6,593
48,227,59,6,599
48,227,60,2,601
48,227,61,6,607
48,227,62,6,613
48,227,63,4,617
48,227,64,2,619
48,227,65,12,631
48,227,66,10,641
48,227,67,2,643
48,227,68,4,647
48,227,69,6,653
48,227,70,6,659
48,227,71,2,661
48,227,72,12,673
48,227,73,4,677
48,227,74,6,683
48,227,75,8,691
48,227,76,10,701
48,227,77,8,709
48,227,78,10,719
48,227,79,8,727
48,227,80,6,733
48,227,81,6,739
48,227,82,4,743
48,227,83,8,751
48,227,84,6,757
48,227,85,4,761
48,227,86,8,769
48,227,87,4,773
48,227,88,14,787
48,227,89,10,797
48,227,90,12,809
48,227,91,2,811
48,227,92,10,821
48,227,93,2,823
48,227,94,4,827
48,227,95,2,829
48,227,96,10,839
48,227,97,14,853
48,227,98,4,857
48,227,99,2,859
49,229,0,4,233
49,229,1,6,239
49,229,2,2,241
49,229,3,10,251
49,229,4,6,257
49,229,5,6,263
49,229,6,6,269
49,229,7,2,271
49,229,8,6,277
49,229,9,4,281
49,229,10,2,283
49,229,11,10,293
49,229,12,14,307
49,229,13,4,311
49,229,14,2,313
49,229,15,4,317
49,229,16,14,331
49,229,17,6,337
49,229,18,10,347
49,229,19,2,349
49,229,20,4,353
49,229,21,6,359
49,229,22,8,367
49,229,23,6,373
49,229,24,6,379
49,229,25,4,383
49,229,26,6,389
49,229,27,8,397
49,229,28,4,401
49,229,29,8,409
49,229,30,10,419
49,229,31,2,421
49,229,32,10,431
49,229,33,2,433
49,229,34,6,439
49,229,35,4,443
49,229,36,6,449
49,229,37,8,457
49,229,38,4,461
49,229,39,2,463
49,229,40,4,467
49,229,41,12,479
49,229,42,8,487
49,229,43,4,491
49,229,44,8,499
49,229,45,4,503
49,229,46,6,509
49,229,47,12,521
49,229,48,2,523
49,229,49,18,541
49,229,50,6,547
49,229,51,10,557
49,229,52,6,563
49,229,53,6,569
49,229,54,2,571
49,229,55,6,577
49,229,56,10,587
49,229,57,6,593
49,229,58,6,599
49,229,59,2,601
49,229,60,6,607
49,229,61,6,613
49,229,62,4,617
49,229,63,2,619
49,229,64,12,631
49,229,65,10,641
49,229,66,2,643
49,229,67,4,647
49,229,68,6,653
49,229,69,6,659
49,229,70,2,661
49,229,71,12,673
49,229,72,4,677
49,229,73,6,683
49,229,74,8,691
49,229,75,10,701
49,229,76,8,709
49,229,77,10,719
49,229,78,8,727
49,229,79,6,733
49,229,80,6,739
49,229,81,4,743
49,229,82,8,751
49,229,83,6,757
49,229,84,4,761
49,229,85,8,769
49,229,86,4,773
49,229,87,14,787
49,229,88,10,797
49,229,89,12,809
49,229,90,2,811
49,229,91,10,821
49,229,92,2,823
49,229,93,4,827
49,229,94,2,829
49,229,95,10,839
49,229,96,14,853
49,229,97,4,857
49,229,98,2,859
49,229,99,4,863
50,233,0,6,239
50,233,1,2,241
50,233,2,10,251
50,233,3,6,257
50,233,4,6,263
50,233,5,6,269
50,233,6,2,271
50,233,7,6,277
50,233,8,4,281
50,233,9,2,283
50,233,10,10,293
50,233,11,14,307
50,233,12,4,311
50,233,13,2,313
50,233,14,4,317
50,233,15,14,331
50,233,16,6,337
50,233,17,10,347
50,233,18,2,349
50,233,19,4,353
50,233,20,6,359
50,233,21,8,367
50,233,22,6,373
50,233,23,6,379
50,233,24,4,383
50,233,25,6,389
50,233,26,8,397
50,233,27,4,401
50,233,28,8,409
50,233,29,10,419
50,233,30,2,421
50,233,31,10,431
50,233,32,2,433
50,233,33,6,439
50,233,34,4,443
50,233,35,6,449
50,233,36,8,457
50,233,37,4,461
50,233,38,2,463
50,233,39,4,467
50,233,40,12,479
50,233,41,8,487
50,233,42,4,491
50,233,43,8,499
50,233,44,4,503
50,233,45,6,509
50,233,46,12,521
50,233,47,2,523
50,233,48,18,541
50,233,49,6,547
50,233,50,10,557
50,233,51,6,563
50,233,52,6,569
50,233,53,2,571
50,233,54,6,577
50,233,55,10,587
50,233,56,6,593
50,233,57,6,599
50,233,58,2,601
50,233,59,6,607
50,233,60,6,613
50,233,61,4,617
50,233,62,2,619
50,233,63,12,631
50,233,64,10,641
50,233,65,2,643
50,233,66,4,647
50,233,67,6,653
50,233,68,6,659
50,233,69,2,661
50,233,70,12,673
50,233,71,4,677
50,233,72,6,683
50,233,73,8,691
50,233,74,10,701
50,233,75,8,709
50,233,76,10,719
50,233,77,8,727
50,233,78,6,733
50,233,79,6,739
50,233,80,4,743
50,233,81,8,751
50,233,82,6,757
50,233,83,4,761
50,233,84,8,769
50,233,85,4,773
50,233,86,14,787
50,233,87,10,797
50,233,88,12,809
50,233,89,2,811
50,233,90,10,821
50,233,91,2,823
50,233,92,4,827
50,233,93,2,829
50,233,94,10,839
50,233,95,14,853
50,233,96,4,857
50,233,97,2,859
50,233,98,4,863
50,233,99,14,877
51,239,0,2,241
51,239,1,10,251
51,239,2,6,257
51,239,3,6,263
51,239,4,6,269
51,239,5,2,271
51,239,6,6,277
51,239,7,4,281
51,239,8,2,283
51,239,9,10,293
51,239,10,14,307
51,239,11,4,311
51,239,12,2,313
51,239,13,4,317
51,239,14,14,331
51,239,15,6,337
51,239,16,10,347
51,239,17,2,349
51,239,18,4,353
51,239,19,6,359
51,239,20,8,367
51,239,21,6,373
51,239,22,6,379
51,239,23,4,383
51,239,24,6,389
51,239,25,8,397
51,239,26,4,401
51,239,27,8,409
51,239,28,10,419
51,239,29,2,421
51,239,30,10,431
51,239,31,2,433
51,239,32,6,439
51,239,33,4,443
51,239,34,6,449
51,239,35,8,457
51,239,36,4,461
51,239,37,2,463
51,239,38,4,467
51,239,39,12,479
51,239,40,8,487
51,239,41,4,491
51,239,42,8,499
51,239,43,4,503
51,239,44,6,509
51,239,45,12,521
51,239,46,2,523
51,239,47,18,541
51,239,48,6,547
51,239,49,10,557
51,239,50,6,563
51,239,51,6,569
51,239,52,2,571
51,239,53,6,577
51,239,54,10,587
51,239,55,6,593
51,239,56,6,599
51,239,57,2,601
51,239,58,6,607
51,239,59,6,613
51,239,60,4,617
51,239,61,2,619
51,239,62,12,631
51,239,63,10,641
51,239,64,2,643
51,239,65,4,647
51,239,66,6,653
51,239,67,6,659
51,239,68,2,661
51,239,69,12,673
51,239,70,4,677
51,239,71,6,683
51,239,72,8,691
51,239,73,10,701
51,239,74,8,709
51,239,75,10,719
51,239,76,8,727
51,239,77,6,733
51,239,78,6,739
51,239,79,4,743
51,239,80,8,751
51,239,81,6,757
51,239,82,4,761
51,239,83,8,769
51,239,84,4,773
51,239,85,14,787
51,239,86,10,797
51,239,87,12,809
51,239,88,2,811
51,239,89,10,821
51,239,90,2,823
51,239,91,4,827
51,239,92,2,829
51,239,93,10,839
51,239,94,14,853
51,239,95,4,857
51,239,96,2,859
51,239,97,4,863
51,239,98,14,877
51,239,99,4,881
52,241,0,10,251
52,241,1,6,257
52,241,2,6,263
52,241,3,6,269
52,241,4,2,271
52,241,5,6,277
52,241,6,4,281
52,241,7,2,283
52,241,8,10,293
52,241,9,14,307
52,241,10,4,311
52,241,11,2,313
52,241,12,4,317
52,241,13,14,331
52,241,14,6,337
52,241,15,10,347
52,241,16,2,349
52,241,17,4,353
52,241,18,6,359
52,241,19,8,367
52,241,20,6,373
52,241,21,6,379
52,241,22,4,383
52,241,23,6,389
52,241,24,8,397
52,241,25,4,401
52,241,26,8,409
52,241,27,10,419
52,241,28,2,421
52,241,29,10,431
52,241,30,2,433
52,241,31,6,439
52,241,32,4,443
52,241,33,6,449
52,241,34,8,457
52,241,35,4,461
52,241,36,2,463
52,241,37,4,467
52,241,38,12,479
52,241,39,8,487
52,241,40,4,491
52,241,41,8,499
52,241,42,4,503
52,241,43,6,509
52,241,44,12,521
52,241,45,2,523
52,241,46,18,541
52,241,47,6,547
52,241,48,10,557
52,241,49,6,563
52,241,50,6,569
52,241,51,2,571
52,241,52,6,577
52,241,53,10,587
52,241,54,6,593
52,241,55,6,599
52,241,56,2,601
52,241,57,6,607
52,241,58,6,613
52,241,59,4,617
52,241,60,2,619
52,241,61,12,631
52,241,62,10,641
52,241,63,2,643
52,241,64,4,647
52,241,65,6,653
52,241,66,6,659
52,241,67,2,661
52,241,68,12,673
52,241,69,4,677
52,241,70,6,683
52,241,71,8,691
52,241,72,10,701
52,241,73,8,709
52,241,74,10,719
52,241,75,8,727
52,241,76,6,733
52,241,77,6,739
52,241,78,4,743
52,241,79,8,751
52,241,80,6,757
52,241,81,4,761
52,241,82,8,769
52,241,83,4,773
52,241,84,14,787
52,241,85,10,797
52,241,86,12,809
52,241,87,2,811
52,241,88,10,821
52,241,89,2,823
52,241,90,4,827
52,241,91,2,829
52,241,92,10,839
52,241,93,14,853
52,241,94,4,857
52,241,95,2,859
52,241,96,4,863
52,241,97,14,877
52,241,98,4,881
52,241,99,2,883
53,251,0,6,257
53,251,1,6,263
53,251,2,6,269
53,251,3,2,271
53,251,4,6,277
53,251,5,4,281
53,251,6,2,283
53,251,7,10,293
53,251,8,14,307
53,251,9,4,311
53,251,10,2,313
53,251,11,4,317
53,251,12,14,331
53,251,13,6,337
53,251,14,10,347
53,251,15,2,349
53,251,16,4,353
53,251,17,6,359
53,251,18,8,367
53,251,19,6,373
53,251,20,6,379
53,251,21,4,383
53,251,22,6,389
53,251,23,8,397
53,251,24,4,401
53,251,25,8,409
53,251,26,10,419
53,251,27,2,421
53,251,28,10,431
53,251,29,2,433
53,251,30,6,439
53,251,31,4,443
53,251,32,6,449
53,251,33,8,457
53,251,34,4,461
53,251,35,2,463
53,251,36,4,467
53,251,37,12,479
53,251,38,8,487
53,251,39,4,491
53,251,40,8,499
53,251,41,4,503
53,251,42,6,509
53,251,43,12,521
53,251,44,2,523
53,251,45,18,541
53,251,46,6,547
53,251,47,10,557
53,251,48,6,563
53,251,49,6,569
53,251,50,2,571
53,251,51,6,577
53,251,52,10,587
53,251,53,6,593
53,251,54,6,599
53,251,55,2,601
53,251,56,6,607
53,251,57,6,613
53,251,58,4,617
53,251,59,2,619
53,251,60,12,631
53,251,61,10,641
53,251,62,2,643
53,251,63,4,647
53,251,64,6,653
53,251,65,6,659
53,251,66,2,661
53,251,67,12,673
53,251,68,4,677
53,251,69,6,683
53,251,70,8,691
53,251,71,10,701
53,251,72,8,709
53,251,73,10,719
53,251,74,8,727
53,251,75,6,733
53,251,76,6,739
53,251,77,4,743
53,251,78,8,751
53,251,79,6,757
53,251,80,4,761
53,251,81,8,769
53,251,82,4,773
53,251,83,14,787
53,251,84,10,797
53,251,85,12,809
53,251,86,2,811
53,251,87,10,821
53,251,88,2,823
53,251,89,4,827
53,251,90,2,829
53,251,91,10,839
53,251,92,14,853
53,251,93,4,857
53,251,94,2,859
53,251,95,4,863
53,251,96,14,877
53,251,97,4,881
53,251,98,2,883
53,251,99,4,887
54,257,0,6,263
54,257,1,6,269
54,257,2,2,271
54,257,3,6,277
54,257,4,4,281
54,257,5,2,283
54,257,6,10,293
54,257,7,14,307
54,257,8,4,311
54,257,9,2,313
54,257,10,4,317
54,257,11,14,331
54,257,12,6,337
54,257,13,10,347
54,257,14,2,349
54,257,15,4,353
54,257,16,6,359
54,257,17,8,367
54,257,18,6,373
54,257,19,6,379
54,257,20,4,383
54,257,21,6,389
54,257,22,8,397
54,257,23,4,401
54,257,24,8,409
54,257,25,10,419
54,257,26,2,421
54,257,27,10,431
54,257,28,2,433
54,257,29,6,439
54,257,30,4,443
54,257,31,6,449
54,257,32,8,457
54,257,33,4,461
54,257,34,2,463
54,257,35,4,467
54,257,36,12,479
54,257,37,8,487
54,257,38,4,491
54,257,39,8,499
54,257,40,4,503
54,257,41,6,509
54,257,42,12,521
54,257,43,2,523
54,257,44,18,541
54,257,45,6,547
54,257,46,10,557
54,257,47,6,563
54,257,48,6,569
54,257,49,2,571
54,257,50,6,577
54,257,51,10,587
54,257,52,6,593
54,257,53,6,599
54,257,54,2,601
54,257,55,6,607
54,257,56,6,613
54,257,57,4,617
54,257,58,2,619
54,257,59,12,631
54,257,60,10,641
54,257,61,2,643
54,257,62,4,647
54,257,63,6,653
54,257,64,6,659
54,257,65,2,661
54,257,66,12,673
54,257,67,4,677
54,257,68,6,683
54,257,69,8,691
54,257,70,10,701
54,257,71,8,709
54,257,72,10,719
54,257,73,8,727
54,257,74,6,733
54,257,75,6,739
54,257,76,4,743
54,257,77,8,751
54,257,78,6,757
54,257,79,4,761
54,257,80,8,769
54,257,81,4,773
54,257,82,14,787
54,257,83,10,797
54,257,84,12,809
54,257,85,2,811
54,257,86,10,821
54,257,87,2,823
54,257,88,4,827
54,257,89,2,829
54,257,90,10,839
54,257,91,14,853
54,257,92,4,857
54,257,93,2,859
54,257,94,4,863
54,257,95,14,877
54,257,96,4,881
54,257,97,2,883
54,257,98,4,887
54,257,99,20,907
55,263,0,6,269
55,263,1,2,271
55,263,2,6,277
55,263,3,4,281
55,263,4,2,283
55,263,5,10,293
55,263,6,14,307
55,263,7,4,311
55,263,8,2,313
55,263,9,4,317
55,263,10,14,331
55,263,11,6,337
55,263,12,10,347
55,263,13,2,349
55,263,14,4,353
55,263,15,6,359
55,263,16,8,367
55,263,17,6,373
55,263,18,6,379
55,263,19,4,383
55,263,20,6,389
55,263,21,8,397
55,263,22,4,401
55,263,23,8,409
55,263,24,10,419
55,263,25,2,421
55,263,26,10,431
55,263,27,2,433
55,263,28,6,439
55,263,29,4,443
55,263,30,6,449
55,263,31,8,457
55,263,32,4,461
55,263,33,2,463
55,263,34,4,467
55,263,35,12,479
55,263,36,8,487
55,263,37,4,491
55,263,38,8,499
55,263,39,4,503
55,263,40,6,509
55,263,41,12,521
55,263,42,2,523
55,263,43,18,541
55,263,44,6,547
55,263,45,10,557
55,263,46,6,563
55,263,47,6,569
55,263,48,2,571
55,263,49,6,577
55,263,50,10,587
55,263,51,6,593
55,263,52,6,599
55,263,53,2,601
55,263,54,6,607
55,263,55,6,613
55,263,56,4,617
55,263,57,2,619
55,263,58,12,631
55,263,59,10,641
55,263,60,2,643
55,263,61,4,647
55,263,62,6,653
55,263,63,6,659
55,263,64,2,661
55,263,65,12,673
55,263,66,4,677
55,263,67,6,683
55,263,68,8,691
55,263,69,10,701
55,263,70,8,709
55,263,71,10,719
55,263,72,8,727
55,263,73,6,733
55,263,74,6,739
55,263,75,4,743
55,263,76,8,751
55,263,77,6,757
55,263,78,4,761
55,263,79,8,769
55,263,80,4,773
55,263,81,14,787
55,263,82,10,797
55,263,83,12,809
55,263,84,2,811
55,263,85,10,821
55,263,86,2,823
55,263,87,4,827
55,263,88,2,829
55,263,89,10,839
55,263,90,14,853
55,263,91,4,857
55,263,92,2,859
55,263,93,4,863
55,263,94,14,877
55,263,95,4,881
55,263,96,2,883
55,263,97,4,887
55,263,98,20,907
55,263,99,4,911
56,269,0,2,271
56,269,1,6,277
56,269,2,4,281
56,269,3,2,283
56,269,4,10,293
56,269,5,14,307
56,269,6,4,311
56,269,7,2,313
56,269,8,4,317
56,269,9,14,331
56,269,10,6,337
56,269,11,10,347
56,269,12,2,349
56,269,13,4,353
56,269,14,6,359
56,269,15,8,367
56,269,16,6,373
56,269,17,6,379
56,269,18,4,383
56,269,19,6,389
56,269,20,8,397
56,269,21,4,401
56,269,22,8,409
56,269,23,10,419
56,269,24,2,421
56,269,25,10,431
56,269,26,2,433
56,269,27,6,439
56,269,28,4,443
56,269,29,6,449
56,269,30,8,457
56,269,31,4,461
56,269,32,2,463
56,269,33,4,467
56,269,34,12,479
56,269,35,8,487
56,269,36,4,491
56,269,37,8,499
56,269,38,4,503
56,269,39,6,509
56,269,40,12,521
56,269,41,2,523
56,269,42,18,541
56,269,43,6,547
56,269,44,10,557
56,269,45,6,563
56,269,46,6,569
56,269,47,2,571
56,269,48,6,577
56,269,49,10,587
56,269,50,6,593
56,269,51,6,599
56,269,52,2,601
56,269,53,6,607
56,269,54,6,613
56,269,55,4,617
56,269,56,2,619
56,269,57,12,631
56,269,58,10,641
56,269,59,2,643
56,269,60,4,647
56,269,61,6,653
56,269,62,6,659
56,269,63,2,661
56,269,64,12,673
56,269,65,4,677
56,269,66,6,683
56,269,67,8,691
56,269,68,10,701
56,269,69,8,709
56,269,70,10,719
56,269,71,8,727
56,269,72,6,733
56,269,73,6,739
56,269,74,4,743
56,269,75,8,751
56,269,76,6,757
56,269,77,4,761
56,269,78,8,769
56,269,79,4,773
56,269,80,14,787
56,269,81,10,797
56,269,82,12,809
56,269,83,2,811
56,269,84,10,821
56,269,85,2,823
56,269,86,4,827
56,269,87,2,829
56,269,88,10,839
56,269,89,14,853
56,269,90,4,857
56,269,91,2,859
56,269,92,4,863
56,269,93,14,877
56,269,94,4,881
56,269,95,2,883
56,269,96,4,887
56,269,97,20,907
56,269,98,4,911
56,269,99,8,919
57,271,0,6,277
57,271,1,4,281
57,271,2,2,283
57,271,3,10,293
57,271,4,14,307
57,271,5,4,311
57,271,6,2,313
57,271,7,4,317
57,271,8,14,331
57,271,9,6,337
57,271,10,10,347
57,271,11,2,349
57,271,12,4,353
57,271,13,6,359
57,271,14,8,367
57,271,15,6,373
57,271,16,6,379
57,271,17,4,383
57,271,18,6,389
57,271,19,8,397
57,271,20,4,401
57,271,21,8,409
57,271,22,10,419
57,271,23,2,421
57,271,24,10,431
57,271,25,2,433
57,271,26,6,439
57,271,27,4,443
57,271,28,6,449
57,271,29,8,457
57,271,30,4,461
57,271,31,2,463
57,271,32,4,467
57,271,33,12,479
57,271,34,8,487
57,271,35,4,491
57,271,36,8,499
57,271,37,4,503
57,271,38,6,509
57,271,39,12,521
57,271,40,2,523
57,271,41,18,541
57,271,42,6,547
57,271,43,10,557
57,271,44,6,563
57,271,45,6,569
57,271,46,2,571
57,271,47,6,577
57,271,48,10,587
57,271,49,6,593
57,271,50,6,599
57,271,51,2,601
57,271,52,6,607
57,271,53,6,613
57,271,54,4,617
57,271,55,2,619
57,271,56,12,631
57,271,57,10,641
57,271,58,2,643
57,271,59,4,647
57,271,60,6,653
57,271,61,6,659
57,271,62,2,661
57,271,63,12,673
57,271,64,4,677
57,271,65,6,683
57,271,66,8,691
57,271,67,10,701
57,271,68,8,709
57,271,69,10,719
57,271,70,8,727
57,271,71,6,733
57,271,72,6,739
57,271,73,4,743
57,271,74,8,751
57,271,75,6,757
57,271,76,4,761
57,271,77,8,769
57,271,78,4,773
57,271,79,14,787
57,271,80,10,797
57,271,81,12,809
57,271,82,2,811
57,271,83,10,821
57,271,84,2,823
57,271,85,4,827
57,271,86,2,829
57,271,87,10,839
57,271,88,14,853
57,271,89,4,857
57,271,90,2,859
57,271,91,4,863
57,271,92,14,877
57,271,93,4,881
57,271,94,2,883
57,271,95,4,887
57,271,96,20,907
57,271,97,4,911
57,271,98,8,919
57,271,99,10,929
58,277,0,4,281
58,277,1,2,283
58,277,2,10,293
58,277,3,14,307
58,277,4,4,311
58,277,5,2,313
58,277,6,4,317
58,277,7,14,331
58,277,8,6,337
58,277,9,10,347
58,277,10,2,349
58,277,11,4,353
58,277,12,6,359
58,277,13,8,367
58,277,14,6,373
58,277,15,6,379
58,277,16,4,383
58,277,17,6,389
58,277,18,8,397
58,277,19,4,401
58,277,20,8,409
58,277,21,10,419
58,277,22,2,421
58,277,23,10,431
58,277,24,2,433
58,277,25,6,439
58,277,26,4,443
58,277,27,6,449
58,277,28,8,457
58,277,29,4,461
58,277,30,2,463
58,277,31,4,467
58,277,32,12,479
58,277,33,8,487
58,277,34,4,491
58,277,35,8,499
58,277,36,4,503
58,277,37,6,509
58,277,38,12,521
58,277,39,2,523
58,277,40,18,541
58,277,41,6,547
58,277,42,10,557
58,277,43,6,563
58,277,44,6,569
58,277,45,2,571
58,277,46,6,577
58,277,47,10,587
58,277,48,6,593
58,277,49,6,599
58,277,50,2,601
58,277,51,6,607
58,277,52,6,613
58,277,53,4,617
58,277,54,2,619
58,277,55,12,631
58,277,56,10,641
58,277,57,2,643
58,277,58,4,647
58,277,59,6,653
58,277,60,6,659
58,277,61,2,661
58,277,62,12,673
58,277,63,4,677
58,277,64,6,683
58,277,65,8,691
58,277,66,10,701
58,277,67,8,709
58,277,68,10,719
58,277,69,8,727
58,277,70,6,733
58,277,71,6,739
58,277,72,4,743
58,277,73,8,751
58,277,74,6,757
58,277,75,4,761
58,277,76,8,769
58,277,77,4,773
58,277,78,14,787
58,277,79,10,797
58,277,80,12,809
58,277,81,2,811
58,277,82,10,821
58,277,83,2,823
58,277,84,4,827
58,277,85,2,829
58,277,86,10,839
58,277,87,14,853
58,277,88,4,857
58,277,89,2,859
58,277,90,4,863
58,277,91,14,877
58,277,92,4,881
58,277,93,2,883
58,277,94,4,887
58,277,95,20,907
58,277,96,4,911
58,277,97,8,919
58,277,98,10,929
58,277,99,8,937
59,281,0,2,283
59,281,1,10,293
59,281,2,14,307
59,281,3,4,311
59,281,4,2,313
59,281,5,4,317
59,281,6,14,331
59,281,7,6,337
59,281,8,10,347
59,281,9,2,349
59,281,10,4,353
59,281,11,6,359
59,281,12,8,367
59,281,13,6,373
59,281,14,6,379
59,281,15,4,383
59,281,16,6,389
59,281,17,8,397
59,281,18,4,401
59,281,19,8,409
59,281,20,10,419
59,281,21,2,421
59,281,22,10,431
59,281,23,2,433
59,281,24,6,439
59,281,25,4,443
59,281,26,6,449
59,281,27,8,457
59,281,28,4,461
59,281,29,2,463
59,281,30,4,467
59,281,31,12,479
59,281,32,8,487
59,281,33,4,491
59,281,34,8,499
59,281,35,4,503
59,281,36,6,509
59,281,37,12,521
59,281,38,2,523
59,281,39,18,541
59,281,40,6,547
59,281,41,10,557
59,281,42,6,563
59,281,43,6,569
59,281,44,2,571
59,281,45,6,577
59,281,46,10,587
59,281,47,6,593
59,281,48,6,599
59,281,49,2,601
59,281,50,6,607
59,281,51,6,613
59,281,52,4,617
59,281,53,2,619
59,281,54,12,631
59,281,55,10,641
59,281,56,2,643
59,281,57,4,647
59,281,58,6,653
59,281,59,6,659
59,281,60,2,661
59,281,61,12,673
59,281,62,4,677
59,281,63,6,683
59,281,64,8,691
59,281,65,10,701
59,281,66,8,709
59,281,67,10,719
59,281,68,8,727
59,281,69,6,733
59,281,70,6,739
59,281,71,4,743
59,281,72,8,751
59,281,73,6,757
59,281,74,4,761
59,281,75,8,769
59,281,76,4,773
59,281,77,14,787
59,281,78,10,797
59,281,79,12,809
59,281,80,2,811
59,281,81,10,821
59,281,82,2,823
59,281,83,4,827
59,281,84,2,829
59,281,85,10,839
59,281,86,14,853
59,281,87,4,857
59,281,88,2,859
59,281,89,4,863
59,281,90,14,877
59,281,91,4,881
59,281,92,2,883
59,281,93,4,887
59,281,94,20,907
59,281,95,4,911
59,281,96,8,919
59,281,97,10,929
59,281,98,8,937
59,281,99,4,941
60,283,0,10,293
60,283,1,14,307
60,283,2,4,311
60,283,3,2,313
60,283,4,4,317
60,283,5,14,331
60,283,6,6,337
60,283,7,10,347
60,283,8,2,349
60,283,9,4,353
60,283,10,6,359
60,283,11,8,367
60,283,12,6,373
60,283,13,6,379
60,283,14,4,383
60,283,15,6,389
60,283,16,8,397
60,283,17,4,401
60,283,18,8,409
60,283,19,10,419
60,283,20,2,421
60,283,21,10,431
60,283,22,2,433
60,283,23,6,439
60,283,24,4,443
60,283,25,6,449
60,283,26,8,457
60,283,27,4,461
60,283,28,2,463
60,283,29,4,467
60,283,30,12,479
60,283,31,8,487
60,283,32,4,491
60,283,33,8,499
60,283,34,4,503
60,283,35,6,509
60,283,36,12,521
60,283,37,2,523
60,283,38,18,541
60,283,39,6,547
60,283,40,10,557
60,283,41,6,563
60,283,42,6,569
60,283,43,2,571
60,283,44,6,577
60,283,45,10,587
60,283,46,6,593
60,283,47,6,599
60,283,48,2,601
60,283,49,6,607
60,283,50,6,613
60,283,51,4,617
60,283,52,2,619
60,283,53,12,631
60,283,54,10,641
60,283,55,2,643
60,283,56,4,647
60,283,57,6,653
60,283,58,6,659
60,283,59,2,661
60,283,60,12,673
60,283,61,4,677
60,283,62,6,683
60,283,63,8,691
60,283,64,10,701
60,283,65,8,709
60,283,66,10,719
60,283,67,8,727
60,283,68,6,733
60,283,69,6,739
60,283,70,4,743
60,283,71,8,751
60,283,72,6,757
60,283,73,4,761
60,283,74,8,769
60,283,75,4,773
60,283,76,14,787
60,283,77,10,797
60,283,78,12,809
60,283,79,2,811
60,283,80,10,821
60,283,81,2,823
60,283,82,4,827
60,283,83,2,829
60,283,84,10,839
60,283,85,14,853
60,283,86,4,857
60,283,87,2,859
60,283,88,4,863
60,283,89,14,877
60,283,90,4,881
60,283,91,2,883
60,283,92,4,887
60,283,93,20,907
60,283,94,4,911
60,283,95,8,919
60,283,96,10,929
60,283,97,8,937
60,283,98,4,941
60,283,99,6,947
61,293,0,14,307
61,293,1,4,311
61,293,2,2,313
61,293,3,4,317
61,293,4,14,331
61,293,5,6,337
61,293,6,10,347
61,293,7,2,349
61,293,8,4,353
61,293,9,6,359
61,293,10,8,367
61,293,11,6,373
61,293,12,6,379
61,293,13,4,383
61,293,14,6,389
61,293,15,8,397
61,293,16,4,401
61,293,17,8,409
61,293,18,10,419
61,293,19,2,421
61,293,20,10,431
61,293,21,2,433
61,293,22,6,439
61,293,23,4,443
61,293,24,6,449
61,293,25,8,457
61,293,26,4,461
61,293,27,2,463
61,293,28,4,467
61,293,29,12,479
61,293,30,8,487
61,293,31,4,491
61,293,32,8,499
61,293,33,4,503
61,293,34,6,509
61,293,35,12,521
61,293,36,2,523
61,293,37,18,541
61,293,38,6,547
61,293,39,10,557
61,293,40,6,563
61,293,41,6,569
61,293,42,2,571
61,293,43,6,577
61,293,44,10,587
61,293,45,6,593
61,293,46,6,599
61,293,47,2,601
61,293,48,6,607
61,293,49,6,613
61,293,50,4,617
61,293,51,2,619
61,293,52,12,631
61,293,53,10,641
61,293,54,2,643
61,293,55,4,647
61,293,56,6,653
61,293,57,6,659
61,293,58,2,661
61,293,59,12,673
61,293,60,4,677
61,293,61,6,683
61,293,62,8,691
61,293,63,10,701
61,293,64,8,709
61,293,65,10,719
61,293,66,8,727
61,293,67,6,733
61,293,68,6,739
61,293,69,4,743
61,293,70,8,751
61,293,71,6,757
61,293,72,4,761
61,293,73,8,769
61,293,74,4,773
61,293,75,14,787
61,293,76,10,797
61,293,77,12,809
61,293,78,2,811
61,293,79,10,821
61,293,80,2,823
61,293,81,4,827
61,293,82,2,829
61,293,83,10,839
61,293,84,14,853
61,293,85,4,857
61,293,86,2,859
61,293,87,4,863
61,293,88,14,877
61,293,89,4,881
61,293,90,2,883
61,293,91,4,887
61,293,92,20,907
61,293,93,4,911
61,293,94,8,919
61,293,95,10,929
61,293,96,8,937
61,293,97,4,941
61,293,98,6,947
61,293,99,6,953
62,307,0,4,311
62,307,1,2,313
62,307,2,4,317
62,307,3,14,331
62,307,4,6,337
62,307,5,10,347
62,307,6,2,349
62,307,7,4,353
62,307,8,6,359
62,307,9,8,367
62,307,10,6,373
62,307,11,6,379
62,307,12,4,383
62,307,13,6,389
62,307,14,8,397
62,307,15,4,401
62,307,16,8,409
62,307,17,10,419
62,307,18,2,421
62,307,19,10,431
62,307,20,2,433
62,307,21,6,439
62,307,22,4,443
62,307,23,6,449
62,307,24,8,457
62,307,25,4,461
62,307,26,2,463
62,307,27,4,467
62,307,28,12,479
62,307,29,8,487
62,307,30,4,491
62,307,31,8,499
62,307,32,4,503
62,307,33,6,509
62,307,34,12,521
62,307,35,2,523
62,307,36,18,541
62,307,37,6,547
62,307,38,10,557
62,307,39,6,563
62,307,40,6,569
62,307,41,2,571
62,307,42,6,577
62,307,43,10,587
62,307,44,6,593
62,307,45,6,599
62,307,46,2,601
62,307,47,6,607
62,307,48,6,613
62,307,49,4,617
62,307,50,2,619
62,307,51,12,631
62,307,52,10,641
62,307,53,2,643
62,307,54,4,647
62,307,55,6,653
62,307,56,6,659
62,307,57,2,661
62,307,58,12,673
62,307,59,4,677
62,307,60,6,683
62,307,61,8,691
62,307,62,10,701
62,307,63,8,709
62,307,64,10,719
62,307,65,8,727
62,307,66,6,733
62,307,67,6,739
62,307,68,4,743
62,307,69,8,751
62,307,70,6,757
62,307,71,4,761
62,307,72,8,769
62,307,73,4,773
62,307,74,14,787
62,307,75,10,797
62,307,76,12,809
62,307,77,2,811
62,307,78,10,821
62,307,79,2,823
62,307,80,4,827
62,307,81,2,829
62,307,82,10,839
62,307,83,14,853
62,307,84,4,857
62,307,85,2,859
62,307,86,4,863
62,307,87,14,877
62,307,88,4,881
62,307,89,2,883
62,307,90,4,887
62,307,91,20,907
62,307,92,4,911
62,307,93,8,919
62,307,94,10,929
62,307,95,8,937
62,307,96,4,941
62,307,97,6,947
62,307,98,6,953
62,307,99,14,967
63,311,0,2,313
63,311,1,4,317
63,311,2,14,331
63,311,3,6,337
63,311,4,10,347
63,311,5,2,349
63,311,6,4,353
63,311,7,6,359
63,311,8,8,367
63,311,9,6,373
63,311,10,6,379
63,311,11,4,383
63,311,12,6,389
63,311,13,8,397
63,311,14,4,401
63,311,15,8,409
63,311,16,10,419
63,311,17,2,421
63,311,18,10,431
63,311,19,2,433
63,311,20,6,439
63,311,21,4,443
63,311,22,6,449
63,311,23,8,457
63,311,24,4,461
63,311,25,2,463
63,311,26,4,467
63,311,27,12,479
63,311,28,8,487
63,311,29,4,491
63,311,30,8,499
63,311,31,4,503
63,311,32,6,509
63,311,33,12,521
63,311,34,2,523
63,311,35,18,541
63,311,36,6,547
63,311,37,10,557
63,311,38,6,563
63,311,39,6,569
63,311,40,2,571
63,311,41,6,577
63,311,42,10,587
63,311,43,6,593
63,311,44,6,599
63,311,45,2,601
63,311,46,6,607
63,311,47,6,613
63,311,48,4,617
63,311,49,2,619
63,311,50,12,631
63,311,51,10,641
63,311,52,2,643
63,311,53,4,647
63,311,54,6,653
63,311,55,6,659
63,311,56,2,661
63,311,57,12,673
63,311,58,4,677
63,311,59,6,683
63,311,60,8,691
63,311,61,10,701
63,311,62,8,709
63,311,63,10,719
63,311,64,8,727
63,311,65,6,733
63,311,66,6,739
63,311,67,4,743
63,311,68,8,751
63,311,69,6,757
63,311,70,4,761
63,311,71,8,769
63,311,72,4,773
63,311,73,14,787
63,311,74,10,797
63,311,75,12,809
63,311,76,2,811
63,311,77,10,821
63,311,78,2,823
63,311,79,4,827
63,311,80,2,829
63,311,81,10,839
63,311,82,14,853
63,311,83,4,857
63,311,84,2,859
63,311,85,4,863
63,311,86,14,877
63,311,87,4,881
63,311,88,2,883
63,311,89,4,887
63,311,90,20,907
63,311,91,4,911
63,311,92,8,919
63,311,93,10,929
63,311,94,8,937
63,311,95,4,941
63,311,96,6,947
63,311,97,6,953
63,311,98,14,967
63,311,99,4,971
64,313,0,4,317
64,313,1,14,331
64,313,2,6,337
64,313,3,10,347
64,313,4,2,349
64,313,5,4,353
64,313,6,6,359
64,313,7,8,367
64,313,8,6,373
64,313,9,6,379
64,313,10,4,383
64,313,11,6,389
64,313,12,8,397
64,313,13,4,401
64,313,14,8,409
64,313,15,10,419
64,313,16,2,421
64,313,17,10,431
64,313,18,2,433
64,313,19,6,439
64,313,20,4,443
64,313,21,6,449
64,313,22,8,457
64,313,23,4,461
64,313,24,2,463
64,313,25,4,467
64,313,26,12,479
64,313,27,8,487
64,313,28,4,491
64,313,29,8,499
64,313,30,4,503
64,313,31,6,509
64,313,32,12,521
64,313,33,2,523
64,313,34,18,541
64,313,35,6,547
64,313,36,10,557
64,313,37,6,563
64,313,38,6,569
64,313,39,2,571
64,313,40,6,577
64,313,41,10,587
64,313,42,6,593
64,313,43,6,599
64,313,44,2,601
64,313,45,6,607
64,313,46,6,613
64,313,47,4,617
64,313,48,2,619
64,313,49,12,631
64,313,50,10,641
64,313,51,2,643
64,313,52,4,647
64,313,53,6,653
64,313,54,6,659
64,313,55,2,661
64,313,56,12,673
64,313,57,4,677
64,313,58,6,683
64,313,59,8,691
64,313,60,10,701
64,313,61,8,709
64,313,62,10,719
64,313,63,8,727
64,313,64,6,733
64,313,65,6,739
64,313,66,4,743
64,313,67,8,751
64,313,68,6,757
64,313,69,4,761
64,313,70,8,769
64,313,71,4,773
64,313,72,14,787
64,313,73,10,797
64,313,74,12,809
64,313,75,2,811
64,313,76,10,821
64,313,77,2,823
64,313,78,4,827
64,313,79,2,829
64,313,80,10,839
64,313,81,14,853
64,313,82,4,857
64,313,83,2,859
64,313,84,4,863
64,313,85,14,877
64,313,86,4,881
64,313,87,2,883
64,313,88,4,887
64,313,89,20,907
64,313,90,4,911
64,313,91,8,919
64,313,92,10,929
64,313,93,8,937
64,313,94,4,941
64,313,95,6,947
64,313,96,6,953
64,313,97,14,967
64,313,98,4,971
64,313,99,6,977
65,317,0,14,331
65,317,1,6,337
65,317,2,10,347
65,317,3,2,349
65,317,4,4,353
65,317,5,6,359
65,317,6,8,367
65,317,7,6,373
65,317,8,6,379
65,317,9,4,383
65,317,10,6,389
65,317,11,8,397
65,317,12,4,401
65,317,13,8,409
65,317,14,10,419
65,317,15,2,421
65,317,16,10,431
65,317,17,2,433
65,317,18,6,439
65,317,19,4,443
65,317,20,6,449
65,317,21,8,457
65,317,22,4,461
65,317,23,2,463
65,317,24,4,467
65,317,25,12,479
65,317,26,8,487
65,317,27,4,491
65,317,28,8,499
65,317,29,4,503
65,317,30,6,509
65,317,31,12,521
65,317,32,2,523
65,317,33,18,541
65,317,34,6,547
65,317,35,10,557
65,317,36,6,563
65,317,37,6,569
65,317,38,2,571
65,317,39,6,577
65,317,40,10,587
65,317,41,6,593
65,317,42,6,599
65,317,43,2,601
65,317,44,6,607
65,317,45,6,613
65,317,46,4,617
65,317,47,2,619
65,317,48,12,631
65,317,49,10,641
65,317,50,2,643
65,317,51,4,647
65,317,52,6,653
65,317,53,6,659
65,317,54,2,661
65,317,55,12,673
65,317,56,4,677
65,317,57,6,683
65,317,58,8,691
65,317,59,10,701
65,317,60,8,709
65,317,61,10,719
65,317,62,8,727
65,317,63,6,733
65,317,64,6,739
65,317,65,4,743
65,317,66,8,751
65,317,67,6,757
65,317,68,4,761
65,317,69,8,769
65,317,70,4,773
65,317,71,14,787
65,317,72,10,797
65,317,73,12,809
65,317,74,2,811
65,317,75,10,821
65,317,76,2,823
65,317,77,4,827
65,317,78,2,829
65,317,79,10,839
65,317,80,14,853
65,317,81,4,857
65,317,82,2,859
65,317,83,4,863
65,317,84,14,877
65,317,85,4,881
65,317,86,2,883
65,317,87,4,887
65,317,88,20,907
65,317,89,4,911
65,317,90,8,919
65,317,91,10,929
65,317,92,8,937
65,317,93,4,941
65,317,94,6,947
65,317,95,6,953
65,317,96,14,967
65,317,97,4,971
65,317,98,6,977
65,317,99,6,983
66,331,0,6,337
66,331,1,10,347
66,331,2,2,349
66,331,3,4,353
66,331,4,6,359
66,331,5,8,367
66,331,6,6,373
66,331,7,6,379
66,331,8,4,383
66,331,9,6,389
66,331,10,8,397
66,331,11,4,401
66,331,12,8,409
66,331,13,10,419
66,331,14,2,421
66,331,15,10,431
66,331,16,2,433
66,331,17,6,439
66,331,18,4,443
66,331,19,6,449
66,331,20,8,457
66,331,21,4,461
66,331,22,2,463
66,331,23,4,467
66,331,24,12,479
66,331,25,8,487
66,331,26,4,491
66,331,27,8,499
66,331,28,4,503
66,331,29,6,509
66,331,30,12,521
66,331,31,2,523
66,331,32,18,541
66,331,33,6,547
66,331,34,10,557
66,331,35,6,563
66,331,36,6,569
66,331,37,2,571
66,331,38,6,577
66,331,39,10,587
66,331,40,6,593
66,331,41,6,599
66,331,42,2,601
66,331,43,6,607
66,331,44,6,613
66,331,45,4,617
66,331,46,2,619
66,331,47,12,631
66,331,48,10,641
66,331,49,2,643
66,331,50,4,647
66,331,51,6,653
66,331,52,6,659
66,331,53,2,661
66,331,54,12,673
66,331,55,4,677
66,331,56,6,683
66,331,57,8,691
66,331,58,10,701
66,331,59,8,709
66,331,60,10,719
66,331,61,8,727
66,331,62,6,733
66,331,63,6,739
66,331,64,4,743
66,331,65,8,751
66,331,66,6,757
66,331,67,4,761
66,331,68,8,769
66,331,69,4,773
66,331,70,14,787
66,331,71,10,797
66,331,72,12,809
66,331,73,2,811
66,331,74,10,821
66,331,75,2,823
66,331,76,4,827
66,331,77,2,829
66,331,78,10,839
66,331,79,14,853
66,331,80,4,857
66,331,81,2,859
66,331,82,4,863
66,331,83,14,877
66,331,84,4,881
66,331,85,2,883
66,331,86,4,887
66,331,87,20,907
66,331,88,4,911
66,331,89,8,919
66,331,90,10,929
66,331,91,8,937
66,331,92,4,941
66,331,93,6,947
66,331,94,6,953
66,331,95,14,967
66,331,96,4,971
66,331,97,6,977
66,331,98,6,983
66,331,99,8,991
67,337,0,10,347
67,337,1,2,349
67,337,2,4,353
67,337,3,6,359
67,337,4,8,367
67,337,5,6,373
67,337,6,6,379
67,337,7,4,383
67,337,8,6,389
67,337,9,8,397
67,337,10,4,401
67,337,11,8,409
67,337,12,10,419
67,337,13,2,421
67,337,14,10,431
67,337,15,2,433
67,337,16,6,439
67,337,17,4,443
67,337,18,6,449
67,337,19,8,457
67,337,20,4,461
67,337,21,2,463
67,337,22,4,467
67,337,23,12,479
67,337,24,8,487
67,337,25,4,491
67,337,26,8,499
67,337,27,4,503
67,337,28,6,509
67,337,29,12,521
67,337,30,2,523
67,337,31,18,541
67,337,32,6,547
67,337,33,10,557
67,337,34,6,563
67,337,35,6,569
67,337,36,2,571
67,337,37,6,577
67,337,38,10,587
67,337,39,6,593
67,337,40,6,599
67,337,41,2,601
67,337,42,6,607
67,337,43,6,613
67,337,44,4,617
67,337,45,2,619
67,337,46,12,631
67,337,47,10,641
67,337,48,2,643
67,337,49,4,647
67,337,50,6,653
67,337,51,6,659
67,337,52,2,661
67,337,53,12,673
67,337,54,4,677
67,337,55,6,683
67,337,56,8,691
67,337,57,10,701
67,337,58,8,709
67,337,59,10,719
67,337,60,8,727
67,337,61,6,733
67,337,62,6,739
67,337,63,4,743
67,337,64,8,751
67,337,65,6,757
67,337,66,4,761
67,337,67,8,769
67,337,68,4,773
67,337,69,14,787
67,337,70,10,797
67,337,71,12,809
67,337,72,2,811
67,337,73,10,821
67,337,74,2,823
67,337,75,4,827
67,337,76,2,829
67,337,77,10,839
67,337,78,14,853
67,337,79,4,857
67,337,80,2,859
67,337,81,4,863
67,337,82,14,877
67,337,83,4,881
67,337,84,2,883
67,337,85,4,887
67,337,86,20,907
67,337,87,4,911
67,337,88,8,919
67,337,89,10,929
67,337,90,8,937
67,337,91,4,941
67,337,92,6,947
67,337,93,6,953
67,337,94,14,967
67,337,95,4,971
67,337,96,6,977
67,337,97,6,983
67,337,98,8,991
67,337,99,6,997
68,347,0,2,349
68,347,1,4,353
68,347,2,6,359
68,347,3,8,367
68,347,4,6,373
68,347,5,6,379
68,347,6,4,383
68,347,7,6,389
68,347,8,8,397
68,347,9,4,401
68,347,10,8,409
68,347,11,10,419
68,347,12,2,421
68,347,13,10,431
68,347,14,2,433
68,347,15,6,439
68,347,16,4,443
68,347,17,6,449
68,347,18,8,457
68,347,19,4,461
68,347,20,2,463
68,347,21,4,467
68,347,22,12,479
68,347,23,8,487
68,347,24,4,491
68,347,25,8,499
68,347,26,4,503
68,347,27,6,509
68,347,28,12,521
68,347,29,2,523
68,347,30,18,541
68,347,31,6,547
68,347,32,10,557
68,347,33,6,563
68,347,34,6,569
68,347,35,2,571
68,347,36,6,577
68,347,37,10,587
68,347,38,6,593
68,347,39,6,599
68,347,40,2,601
68,347,41,6,607
68,347,42,6,613
68,347,43,4,617
68,347,44,2,619
68,347,45,12,631
68,347,46,10,641
68,347,47,2,643
68,347,48,4,647
68,347,49,6,653
68,347,50,6,659
68,347,51,2,661
68,347,52,12,673
68,347,53,4,677
68,347,54,6,683
68,347,55,8,691
68,347,56,10,701
68,347,57,8,709
68,347,58,10,719
68,347,59,8,727
68,347,60,6,733
68,347,61,6,739
68,347,62,4,743
68,347,63,8,751
68,347,64,6,757
68,347,65,4,761
68,347,66,8,769
68,347,67,4,773
68,347,68,14,787
68,347,69,10,797
68,347,70,12,809
68,347,71,2,811
68,347,72,10,821
68,347,73,2,823
68,347,74,4,827
68,347,75,2,829
68,347,76,10,839
68,347,77,14,853
68,347,78,4,857
68,347,79,2,859
68,347,80,4,863
68,347,81,14,877
68,347,82,4,881
68,347,83,2,883
68,347,84,4,887
68,347,85,20,907
68,347,86,4,911
68,347,87,8,919
68,347,88,10,929
68,347,89,8,937
68,347,90,4,941
68,347,91,6,947
68,347,92,6,953
68,347,93,14,967
68,347,94,4,971
68,347,95,6,977
68,347,96,6,983
68,347,97,8,991
68,347,98,6,997
68,347,99,12,1009
69,349,0,4,353
69,349,1,6,359
69,349,2,8,367
69,349,3,6,373
69,349,4,6,379
69,349,5,4,383
69,349,6,6,389
69,349,7,8,397
69,349,8,4,401
69,349,9,8,409
69,349,10,10,419
69,349,11,2,421
69,349,12,10,431
69,349,13,2,433
69,349,14,6,439
69,349,15,4,443
69,349,16,6,449
69,349,17,8,457
69,349,18,4,461
69,349,19,2,463
69,349,20,4,467
69,349,21,12,479
69,349,22,8,487
69,349,23,4,491
69,349,24,8,499
69,349,25,4,503
69,349,26,6,509
69,349,27,12,521
69,349,28,2,523
69,349,29,18,541
69,349,30,6,547
69,349,31,10,557
69,349,32,6,563
69,349,33,6,569
69,349,34,2,571
69,349,35,6,577
69,349,36,10,587
69,349,37,6,593
69,349,38,6,599
69,349,39,2,601
69,349,40,6,607
69,349,41,6,613
69,349,42,4,617
69,349,43,2,619
69,349,44,12,631
69,349,45,10,641
69,349,46,2,643
69,349,47,4,647
69,349,48,6,653
69,349,49,6,659
69,349,50,2,661
69,349,51,12,673
69,349,52,4,677
69,349,53,6,683
69,349,54,8,691
69,349,55,10,701
69,349,56,8,709
69,349,57,10,719
69,349,58,8,727
69,349,59,6,733
69,349,60,6,739
69,349,61,4,743
69,349,62,8,751
69,349,63,6,757
69,349,64,4,761
69,349,65,8,769
69,349,66,4,773
69,349,67,14,787
69,349,68,10,797
69,349,69,12,809
69,349,70,2,811
69,349,71,10,821
69,349,72,2,823
69,349,73,4,827
69,349,74,2,829
69,349,75,10,839
69,349,76,14,853
69,349,77,4,857
69,349,78,2,859
69,349,79,4,863
69,349,80,14,877
69,349,81,4,881
69,349,82,2,883
69,349,83,4,887
69,349,84,20,907
69,349,85,4,911
69,349,86,8,919
69,349,87,10,929
69,349,88,8,937
69,349,89,4,941
69,349,90,6,947
69,349,91,6,953
69,349,92,14,967
69,349,93,4,971
69,349,94,6,977
69,349,95,6,983
69,349,96,8,991
69,349,97,6,997
69,349,98,12,1009
69,349,99,4,1013
70,353,0,6,359
70,353,1,8,367
70,353,2,6,373
70,353,3,6,379
70,353,4,4,383
70,353,5,6,389
70,353,6,8,397
70,353,7,4,401
70,353,8,8,409
70,353,9,10,419
70,353,10,2,421
70,353,11,10,431
70,353,12,2,433
70,353,13,6,439
70,353,14,4,443
70,353,15,6,449
70,353,16,8,457
70,353,17,4,461
70,353,18,2,463
70,353,19,4,467
70,353,20,12,479
70,353,21,8,487
70,353,22,4,491
70,353,23,8,499
70,353,24,4,503
70,353,25,6,509
70,353,26,12,521
70,353,27,2,523
70,353,28,18,541
70,353,29,6,547
70,353,30,10,557
70,353,31,6,563
70,353,32,6,569
70,353,33,2,571
70,353,34,6,577
70,353,35,10,587
70,353,36,6,593
70,353,37,6,599
70,353,38,2,601
70,353,39,6,607
70,353,40,6,613
70,353,41,4,617
70,353,42,2,619
70,353,43,12,631
70,353,44,10,641
70,353,45,2,643
70,353,46,4,647
70,353,47,6,653
70,353,48,6,659
70,353,49,2,661
70,353,50,12,673
70,353,51,4,677
70,353,52,6,683
70,353,53,8,691
70,353,54,10,701
70,353,55,8,709
70,353,56,10,719
70,353,57,8,727
70,353,58,6,733
70,353,59,6,739
70,353,60,4,743
70,353,61,8,751
70,353,62,6,757
70,353,63,4,761
70,353,64,8,769
70,353,65,4,773
70,353,66,14,787
70,353,67,10,797
70,353,68,12,809
70,353,69,2,811
70,353,70,10,821
70,353,71,2,823
70,353,72,4,827
70,353,73,2,829
70,353,74,10,839
70,353,75,14,853
70,353,76,4,857
70,353,77,2,859
70,353,78,4,863
70,353,79,14,877
70,353,80,4,881
70,353,81,2,883
70,353,82,4,887
70,353,83,20,907
70,353,84,4,911
70,353,85,8,919
70,353,86,10,929
70,353,87,8,937
70,353,88,4,941
70,353,89,6,947
70,353,90,6,953
70,353,91,14,967
70,353,92,4,971
70,353,93,6,977
70,353,94,6,983
70,353,95,8,991
70,353,96,6,997
70,353,97,12,1009
70,353,98,4,1013
70,353,99,6,1019
71,359,0,8,367
71,359,1,6,373
71,359,2,6,379
71,359,3,4,383
71,359,4,6,389
71,359,5,8,397
71,359,6,4,401
71,359,7,8,409
71,359,8,10,419
71,359,9,2,421
71,359,10,10,431
71,359,11,2,433
71,359,12,6,439
71,359,13,4,443
71,359,14,6,449
71,359,15,8,457
71,359,16,4,461
71,359,17,2,463
71,359,18,4,467
71,359,19,12,479
71,359,20,8,487
71,359,21,4,491
71,359,22,8,499
71,359,23,4,503
71,359,24,6,509
71,359,25,12,521
71,359,26,2,523
71,359,27,18,541
71,359,28,6,547
71,359,29,10,557
71,359,30,6,563
71,359,31,6,569
71,359,32,2,571
71,359,33,6,577
71,359,34,10,587
71,359,35,6,593
71,359,36,6,599
71,359,37,2,601
71,359,38,6,607
71,359,39,6,613
71,359,40,4,617
71,359,41,2,619
71,359,42,12,631
71,359,43,10,641
71,359,44,2,643
71,359,45,4,647
71,359,46,6,653
71,359,47,6,659
71,359,48,2,661
71,359,49,12,673
71,359,50,4,677
71,359,51,6,683
71,359,52,8,691
71,359,53,10,701
71,359,54,8,709
71,359,55,10,719
71,359,56,8,727
71,359,57,6,733
71,359,58,6,739
71,359,59,4,743
71,359,60,8,751
71,359,61,6,757
71,359,62,4,761
71,359,63,8,769
71,359,64,4,773
71,359,65,14,787
71,359,66,10,797
71,359,67,12,809
71,359,68,2,811
71,359,69,10,821
71,359,70,2,823
71,359,71,4,827
71,359,72,2,829
71,359,73,10,839
71,359,74,14,853
71,359,75,4,857
71,359,76,2,859
71,359,77,4,863
71,359,78,14,877
71,359,79,4,881
71,359,80,2,883
71,359,81,4,887
71,359,82,20,907
71,359,83,4,911
71,359,84,8,919
71,359,85,10,929
71,359,86,8,937
71,359,87,4,941
71,359,88,6,947
71,359,89,6,953
71,359,90,14,967
71,359,91,4,971
71,359,92,6,977
71,359,93,6,983
71,359,94,8,991
71,359,95,6,997
71,359,96,12,1009
71,359,97,4,1013
71,359,98,6,1019
71,359,99,2,1021
72,367,0,6,373
72,367,1,6,379
72,367,2,4,383
72,367,3,6,389
72,367,4,8,397
72,367,5,4,401
72,367,6,8,409
72,367,7,10,419
72,367,8,2,421
72,367,9,10,431
72,367,10,2,433
72,367,11,6,439
72,367,12,4,443
72,367,13,6,449
72,367,14,8,457
72,367,15,4,461
72,367,16,2,463
72,367,17,4,467
72,367,18,12,479
72,367,19,8,487
72,367,20,4,491
72,367,21,8,499
72,367,22,4,503
72,367,23,6,509
72,367,24,12,521
72,367,25,2,523
72,367,26,18,541
72,367,27,6,547
72,367,28,10,557
72,367,29,6,563
72,367,30,6,569
72,367,31,2,571
72,367,32,6,577
72,367,33,10,587
72,367,34,6,593
72,367,35,6,599
72,367,36,2,601
72,367,37,6,607
72,367,38,6,613
72,367,39,4,617
72,367,40,2,619
72,367,41,12,631
72,367,42,10,641
72,367,43,2,643
72,367,44,4,647
72,367,45,6,653
72,367,46,6,659
72,367,47,2,661
72,367,48,12,673
72,367,49,4,677
72,367,50,6,683
72,367,51,8,691
72,367,52,10,701
72,367,53,8,709
72,367,54,10,719
72,367,55,8,727
72,367,56,6,733
72,367,57,6,739
72,367,58,4,743
72,367,59,8,751
72,367,60,6,757
72,367,61,4,761
72,367,62,8,769
72,367,63,4,773
72,367,64,14,787
72,367,65,10,797
72,367,66,12,809
72,367,67,2,811
72,367,68,10,821
72,367,69,2,823
72,367,70,4,827
72,367,71,2,829
72,367,72,10,839
72,367,73,14,853
72,367,74,4,857
72,367,75,2,859
72,367,76,4,863
72,367,77,14,877
72,367,78,4,881
72,367,79,2,883
72,367,80,4,887
72,367,81,20,907
72,367,82,4,911
72,367,83,8,919
72,367,84,10,929
72,367,85,8,937
72,367,86,4,941
72,367,87,6,947
72,367,88,6,953
72,367,89,14,967
72,367,90,4,971
72,367,91,6,977
72,367,92,6,983
72,367,93,8,991
72,367,94,6,997
72,367,95,12,1009
72,367,96,4,1013
72,367,97,6,1019
72,367,98,2,1021
72,367,99,10,1031
73,373,0,6,379
73,373,1,4,383
73,373,2,6,389
73,373,3,8,397
73,373,4,4,401
73,373,5,8,409
73,373,6,10,419
73,373,7,2,421
73,373,8,10,431
73,373,9,2,433
73,373,10,6,439
73,373,11,4,443
73,373,12,6,449
73,373,13,8,457
73,373,14,4,461
73,373,15,2,463
73,373,16,4,467
73,373,17,12,479
73,373,18,8,487
73,373,19,4,491
73,373,20,8,499
73,373,21,4,503
73,373,22,6,509
73,373,23,12,521
73,373,24,2,523
73,373,25,18,541
73,373,26,6,547
73,373,27,10,557
73,373,28,6,563
73,373,29,6,569
73,373,30,2,571
73,373,31,6,577
73,373,32,10,587
73,373,33,6,593
73,373,34,6,599
73,373,35,2,601
73,373,36,6,607
73,373,37,6,613
73,373,38,4,617
73,373,39,2,619
73,373,40,12,631
73,373,41,10,641
73,373,42,2,643
73,373,43,4,647
73,373,44,6,653
73,373,45,6,659
73,373,46,2,661
73,373,47,12,673
73,373,48,4,677
73,373,49,6,683
73,373,50,8,691
73,373,51,10,701
73,373,52,8,709
73,373,53,10,719
73,373,54,8,727
73,373,55,6,733
73,373,56,6,739
73,373,57,4,743
73,373,58,8,751
73,373,59,6,757
73,373,60,4,761
73,373,61,8,769
73,373,62,4,773
73,373,63,14,787
73,373,64,10,797
73,373,65,12,809
73,373,66,2,811
73,373,67,10,821
73,373,68,2,823
73,373,69,4,827
73,373,70,2,829
73,373,71,10,839
73,373,72,14,853
73,373,73,4,857
73,373,74,2,859
73,373,75,4,863
73,373,76,14,877
73,373,77,4,881
73,373,78,2,883
73,373,79,4,887
73,373,80,20,907
73,373,81,4,911
73,373,82,8,919
73,373,83,10,929
73,373,84,8,937
73,373,85,4,941
73,373,86,6,947
73,373,87,6,953
73,373,88,14,967
73,373,89,4,971
73,373,90,6,977
73,373,91,6,983
73,373,92,8,991
73,373,93,6,997
73,373,94,12,1009
73,373,95,4,1013
73,373,96,6,1019
73,373,97,2,1021
73,373,98,10,1031
73,373,99,2,1033
74,379,0,4,383
74,379,1,6,389
74,379,2,8,397
74,379,3,4,401
74,379,4,8,409
74,379,5,10,419
74,379,6,2,421
74,379,7,10,431
74,379,8,2,433
74,379,9,6,439
74,379,10,4,443
74,379,11,6,449
74,379,12,8,457
74,379,13,4,461
74,379,14,2,463
74,379,15,4,467
74,379,16,12,479
74,379,17,8,487
74,379,18,4,491
74,379,19,8,499
74,379,20,4,503
74,379,21,6,509
74,379,22,12,521
74,379,23,2,523
74,379,24,18,541
74,379,25,6,547
74,379,26,10,557
74,379,27,6,563
74,379,28,6,569
74,379,29,2,571
74,379,30,6,577
74,379,31,10,587
74,379,32,6,593
74,379,33,6,599
74,379,34,2,601
74,379,35,6,607
74,379,36,6,613
74,379,37,4,617
74,379,38,2,619
74,379,39,12,631
74,379,40,10,641
74,379,41,2,643
74,379,42,4,647
74,379,43,6,653
74,379,44,6,659
74,379,45,2,661
74,379,46,12,673
74,379,47,4,677
74,379,48,6,683
74,379,49,8,691
74,379,50,10,701
74,379,51,8,709
74,379,52,10,719
74,379,53,8,727
74,379,54,6,733
74,379,55,6,739
74,379,56,4,743
74,379,57,8,751
74,379,58,6,757
74,379,59,4,761
74,379,60,8,769
74,379,61,4,773
74,379,62,14,787
74,379,63,10,797
74,379,64,12,809
74,379,65,2,811
74,379,66,10,821
74,379,67,2,823
74,379,68,4,827
74,379,69,2,829
74,379,70,10,839
74,379,71,14,853
74,379,72,4,857
74,379,73,2,859
74,379,74,4,863
74,379,75,14,877
74,379,76,4,881
74,379,77,2,883
74,379,78,4,887
74,379,79,20,907
74,379,80,4,911
74,379,81,8,919
74,379,82,10,929
74,379,83,8,937
74,379,84,4,941
74,379,85,6,947
74,379,86,6,953
74,379,87,14,967
74,379,88,4,971
74,379,89,6,977
74,379,90,6,983
74,379,91,8,991
74,379,92,6,997
74,379,93,12,1009
74,379,94,4,1013
74,379,95,6,1019
74,379,96,2,1021
74,379,97,10,1031
74,379,98,2,1033
74,379,99,6,1039
75,383,0,6,389
75,383,1,8,397
75,383,2,4,401
75,383,3,8,409
75,383,4,10,419
75,383,5,2,421
75,383,6,10,431
75,383,7,2,433
75,383,8,6,439
75,383,9,4,443
75,383,10,6,449
75,383,11,8,457
75,383,12,4,461
75,383,13,2,463
75,383,14,4,467
75,383,15,12,479
75,383,16,8,487
75,383,17,4,491
75,383,18,8,499
75,383,19,4,503
75,383,20,6,509
75,383,21,12,521
75,383,22,2,523
75,383,23,18,541
75,383,24,6,547
75,383,25,10,557
75,383,26,6,563
75,383,27,6,569
75,383,28,2,571
75,383,29,6,577
75,383,30,10,587
75,383,31,6,593
75,383,32,6,599
75,383,33,2,601
75,383,34,6,607
75,383,35,6,613
75,383,36,4,617
75,383,37,2,619
75,383,38,12,631
75,383,39,10,641
75,383,40,2,643
75,383,41,4,647
75,383,42,6,653
75,383,43,6,659
75,383,44,2,661
75,383,45,12,673
75,383,46,4,677
75,383,47,6,683
75,383,48,8,691
75,383,49,10,701
75,383,50,8,709
75,383,51,10,719
75,383,52,8,727
75,383,53,6,733
75,383,54,6,739
75,383,55,4,743
75,383,56,8,751
75,383,57,6,757
75,383,58,4,761
75,383,59,8,769
75,383,60,4,773
75,383,61,14,787
75,383,62,10,797
75,383,63,12,809
75,383,64,2,811
75,383,65,10,821
75,383,66,2,823
75,383,67,4,827
75,383,68,2,829
75,383,69,10,839
75,383,70,14,853
75,383,71,4,857
75,383,72,2,859
75,383,73,4,863
75,383,74,14,877
75,383,75,4,881
75,383,76,2,883
75,383,77,4,887
75,383,78,20,907
75,383,79,4,911
75,383,80,8,919
75,383,81,10,929
75,383,82,8,937
75,383,83,4,941
75,383,84,6,947
75,383,85,6,953
75,383,86,14,967
75,383,87,4,971
75,383,88,6,977
75,383,89,6,983
75,383,90,8,991
75,383,91,6,997
75,383,92,12,1009
75,383,93,4,1013
75,383,94,6,1019
75,383,95,2,1021
75,383,96,10,1031
75,383,97,2,1033
75,383,98,6,1039
75,383,99,10,1049
76,389,0,8,397
76,389,1,4,401
76,389,2,8,409
76,389,3,10,419
76,389,4,2,421
76,389,5,10,431
76,389,6,2,433
76,389,7,6,439
76,389,8,4,443
76,389,9,6,449
76,389,10,8,457
76,389,11,4,461
76,389,12,2,463
76,389,13,4,467
76,389,14,12,479
76,389,15,8,487
76,389,16,4,491
76,389,17,8,499
76,389,18,4,503
76,389,19,6,509
76,389,20,12,521
76,389,21,2,523
76,389,22,18,541
76,389,23,6,547
76,389,24,10,557
76,389,25,6,563
76,389,26,6,569
76,389,27,2,571
76,389,28,6,577
76,389,29,10,587
76,389,30,6,593
76,389,31,6,599
76,389,32,2,601
76,389,33,6,607
76,389,34,6,613
76,389,35,4,617
76,389,36,2,619
76,389,37,12,631
76,389,38,10,641
76,389,39,2,643
76,389,40,4,647
76,389,41,6,653
76,389,42,6,659
76,389,43,2,661
76,389,44,12,673
76,389,45,4,677
76,389,46,6,683
76,389,47,8,691
76,389,48,10,701
76,389,49,8,709
76,389,50,10,719
76,389,51,8,727
76,389,52,6,733
76,389,53,6,739
76,389,54,4,743
76,389,55,8,751
76,389,56,6,757
76,389,57,4,761
76,389,58,8,769
76,389,59,4,773
76,389,60,14,787
76,389,61,10,797
76,389,62,12,809
76,389,63,2,811
76,389,64,10,821
76,389,65,2,823
76,389,66,4,827
76,389,67,2,829
76,389,68,10,839
76,389,69,14,853
76,389,70,4,857
76,389,71,2,859
76,389,72,4,863
76,389,73,14,877
76,389,74,4,881
76,389,75,2,883
76,389,76,4,887
76,389,77,20,907
76,389,78,4,911
76,389,79,8,919
76,389,80,10,929
76,389,81,8,937
76,389,82,4,941
76,389,83,6,947
76,389,84,6,953
76,389,85,14,967
76,389,86,4,971
76,389,87,6,977
76,389,88,6,983
76,389,89,8,991
76,389,90,6,997
76,389,91,12,1009
76,389,92,4,1013
76,389,93,6,1019
76,389,94,2,1021
76,389,95,10,1031
76,389,96,2,1033
76,389,97,6,1039
76,389,98,10,1049
76,389,99,2,1051
77,397,0,4,401
77,397,1,8,409
77,397,2,10,419
77,397,3,2,421
77,397,4,10,431
77,397,5,2,433
77,397,6,6,439
77,397,7,4,443
77,397,8,6,449
77,397,9,8,457
77,397,10,4,461
77,397,11,2,463
77,397,12,4,467
77,397,13,12,479
77,397,14,8,487
77,397,15,4,491
77,397,16,8,499
77,397,17,4,503
77,397,18,6,509
77,397,19,12,521
77,397,20,2,523
77,397,21,18,541
77,397,22,6,547
77,397,23,10,557
77,397,24,6,563
77,397,25,6,569
77,397,26,2,571
77,397,27,6,577
77,397,28,10,587
77,397,29,6,593
77,397,30,6,599
77,397,31,2,601
77,397,32,6,607
77,397,33,6,613
77,397,34,4,617
77,397,35,2,619
77,397,36,12,631
77,397,37,10,641
77,397,38,2,643
77,397,39,4,647
77,397,40,6,653
77,397,41,6,659
77,397,42,2,661
77,397,43,12,673
77,397,44,4,677
77,397,45,6,683
77,397,46,8,691
77,397,47,10,701
77,397,48,8,709
77,397,49,10,719
77,397,50,8,727
77,397,51,6,733
77,397,52,6,739
77,397,53,4,743
77,397,54,8,751
77,397,55,6,757
77,397,56,4,761
77,397,57,8,769
77,397,58,4,773
77,397,59,14,787
77,397,60,10,797
77,397,61,12,809
77,397,62,2,811
77,397,63,10,821
77,397,64,2,823
77,397,65,4,827
77,397,66,2,829
77,397,67,10,839
77,397,68,14,853
77,397,69,4,857
77,397,70,2,859
77,397,71,4,863
77,397,72,14,877
77,397,73,4,881
77,397,74,2,883
77,397,75,4,887
77,397,76,20,907
77,397,77,4,911
77,397,78,8,919
77,397,79,10,929
77,397,80,8,937
77,397,81,4,941
77,397,82,6,947
77,397,83,6,953
77,397,84,14,967
77,397,85,4,971
77,397,86,6,977
77,397,87,6,983
77,397,88,8,991
77,397,89,6,997
77,397,90,12,1009
77,397,91,4,1013
77,397,92,6,1019
77,397,93,2,1021
77,397,94,10,1031
77,397,95,2,1033
77,397,96,6,1039
77,397,97,10,1049
77,397,98,2,1051
77,397,99,10,1061
78,401,0,8,409
78,401,1,10,419
78,401,2,2,421
78,401,3,10,431
78,401,4,2,433
78,401,5,6,439
78,401,6,4,443
78,401,7,6,449
78,401,8,8,457
78,401,9,4,461
78,401,10,2,463
78,401,11,4,467
78,401,12,12,479
78,401,13,8,487
78,401,14,4,491
78,401,15,8,499
78,401,16,4,503
78,401,17,6,509
78,401,18,12,521
78,401,19,2,523
78,401,20,18,541
78,401,21,6,547
78,401,22,10,557
78,401,23,6,563
78,401,24,6,569
78,401,25,2,571
78,401,26,6,577
78,401,27,10,587
78,401,28,6,593
78,401,29,6,599
78,401,30,2,601
78,401,31,6,607
78,401,32,6,613
78,401,33,4,617
78,401,34,2,619
78,401,35,12,631
78,401,36,10,641
78,401,37,2,643
78,401,38,4,647
78,401,39,6,653
78,401,40,6,659
78,401,41,2,661
78,401,42,12,673
78,401,43,4,677
78,401,44,6,683
78,401,45,8,691
78,401,46,10,701
78,401,47,8,709
78,401,48,10,719
78,401,49,8,727
78,401,50,6,733
78,401,51,6,739
78,401,52,4,743
78,401,53,8,751
78,401,54,6,757
78,401,55,4,761
78,401,56,8,769
78,401,57,4,773
78,401,58,14,787
78,401,59,10,797
78,401,60,12,809
78,401,61,2,811
78,401,62,10,821
78,401,63,2,823
78,401,64,4,827
78,401,65,2,829
78,401,66,10,839
78,401,67,14,853
78,401,68,4,857
78,401,69,2,859
78,401,70,4,863
78,401,71,14,877
78,401,72,4,881
78,401,73,2,883
78,401,74,4,887
78,401,75,20,907
78,401,76,4,911
78,401,77,8,919
78,401,78,10,929
78,401,79,8,937
78,401,80,4,941
78,401,81,6,947
78,401,82,6,953
78,401,83,14,967
78,401,84,4,971
78,401,85,6,977
78,401,86,6,983
78,401,87,8,991
78,401,88,6,997
78,401,89,12,1009
78,401,90,4,1013
78,401,91,6,1019
78,401,92,2,1021
78,401,93,10,1031
78,401,94,2,1033
78,401,95,6,1039
78,401,96,10,1049
78,401,97,2,1051
78,401,98,10,1061
78,401,99,2,1063
79,409,0,10,419
79,409,1,2,421
79,409,2,10,431
79,409,3,2,433
79,409,4,6,439
79,409,5,4,443
79,409,6,6,449
79,409,7,8,457
79,409,8,4,461
79,409,9,2,463
79,409,10,4,467
79,409,11,12,479
79,409,12,8,487
79,409,13,4,491
79,409,14,8,499
79,409,15,4,503
79,409,16,6,509
79,409,17,12,521
79,409,18,2,523
79,409,19,18,541
79,409,20,6,547
79,409,21,10,557
79,409,22,6,563
79,409,23,6,569
79,409,24,2,571
79,409,25,6,577
79,409,26,10,587
79,409,27,6,593
79,409,28,6,599
79,409,29,2,601
79,409,30,6,607
79,409,31,6,613
79,409,32,4,617
79,409,33,2,619
79,409,34,12,631
79,409,35,10,641
79,409,36,2,643
79,409,37,4,647
79,409,38,6,653
79,409,39,6,659
79,409,40,2,661
79,409,41,12,673
79,409,42,4,677
79,409,43,6,683
79,409,44,8,691
79,409,45,10,701
79,409,46,8,709
79,409,47,10,719
79,409,48,8,727
79,409,49,6,733
79,409,50,6,739
79,409,51,4,743
79,409,52,8,751
79,409,53,6,757
79,409,54,4,761
79,409,55,8,769
79,409,56,4,773
79,409,57,14,787
79,409,58,10,797
79,409,59,12,809
79,409,60,2,811
79,409,61,10,821
79,409,62,2,823
79,409,63,4,827
79,409,64,2,829
79,409,65,10,839
79,409,66,14,853
79,409,67,4,857
79,409,68,2,859
79,409,69,4,863
79,409,70,14,877
79,409,71,4,881
79,409,72,2,883
79,409,73,4,887
79,409,74,20,907
79,409,75,4,911
79,409,76,8,919
79,409,77,10,929
79,409,78,8,937
79,409,79,4,941
79,409,80,6,947
79,409,81,6,953
79,409,82,14,967
79,409,83,4,971
79,409,84,6,977
79,409,85,6,983
79,409,86,8,991
79,409,87,6,997
79,409,88,12,1009
79,409,89,4,1013
79,409,90,6,1019
79,409,91,2,1021
79,409,92,10,1031
79,409,93,2,1033
79,409,94,6,1039
79,409,95,10,1049
79,409,96,2,1051
79,409,97,10,1061
79,409,98,2,1063
79,409,99,6,1069
80,419,0,2,421
80,419,1,10,431
80,419,2,2,433
80,419,3,6,439
80,419,4,4,443
80,419,5,6,449
80,419,6,8,457
80,419,7,4,461
80,419,8,2,463
80,419,9,4,467
80,419,10,12,479
80,419,11,8,487
80,419,12,4,491
80,419,13,8,499
80,419,14,4,503
80,419,15,6,509
80,419,16,12,521
80,419,17,2,523
80,419,18,18,541
80,419,19,6,547
80,419,20,10,557
80,419,21,6,563
80,419,22,6,569
80,419,23,2,571
80,419,24,6,577
80,419,25,10,587
80,419,26,6,593
80,419,27,6,599
80,419,28,2,601
80,419,29,6,607
80,419,30,6,613
80,419,31,4,617
80,419,32,2,619
80,419,33,12,631
80,419,34,10,641
80,419,35,2,643
80,419,36,4,647
80,419,37,6,653
80,419,38,6,659
80,419,39,2,661
80,419,40,12,673
80,419,41,4,677
80,419,42,6,683
80,419,43,8,691
80,419,44,10,701
80,419,45,8,709
80,419,46,10,719
80,419,47,8,727
80,419,48,6,733
80,419,49,6,739
80,419,50,4,743
80,419,51,8,751
80,419,52,6,757
80,419,53,4,761
80,419,54,8,769
80,419,55,4,773
80,419,56,14,787
80,419,57,10,797
80,419,58,12,809
80,419,59,2,811
80,419,60,10,821
80,419,61,2,823
80,419,62,4,827
80,419,63,2,829
80,419,64,10,839
80,419,65,14,853
80,419,66,4,857
80,419,67,2,859
80,419,68,4,863
80,419,69,14,877
80,419,70,4,881
80,419,71,2,883
80,419,72,4,887
80,419,73,20,907
80,419,74,4,911
80,419,75,8,919
80,419,76,10,929
80,419,77,8,937
80,419,78,4,941
80,419,79,6,947
80,419,80,6,953
80,419,81,14,967
80,419,82,4,971
80,419,83,6,977
80,419,84,6,983
80,419,85,8,991
80,419,86,6,997
80,419,87,12,1009
80,419,88,4,1013
80,419,89,6,1019
80,419,90,2,1021
80,419,91,10,1031
80,419,92,2,1033
80,419,93,6,1039
80,419,94,10,1049
80,419,95,2,1051
80,419,96,10,1061
80,419,97,2,1063
80,419,98,6,1069
80,419,99,18,1087
81,421,0,10,431
81,421,1,2,433
81,421,2,6,439
81,421,3,4,443
81,421,4,6,449
81,421,5,8,457
81,421,6,4,461
81,421,7,2,463
81,421,8,4,467
81,421,9,12,479
81,421,10,8,487
81,421,11,4,491
81,421,12,8,499
81,421,13,4,503
81,421,14,6,509
81,421,15,12,521
81,421,16,2,523
81,421,17,18,541
81,421,18,6,547
81,421,19,10,557
81,421,20,6,563
81,421,21,6,569
81,421,22,2,571
81,421,23,6,577
81,421,24,10,587
81,421,25,6,593
81,421,26,6,599
81,421,27,2,601
81,421,28,6,607
81,421,29,6,613
81,421,30,4,617
81,421,31,2,619
81,421,32,12,631
81,421,33,10,641
81,421,34,2,643
81,421,35,4,647
81,421,36,6,653
81,421,37,6,659
81,421,38,2,661
81,421,39,12,673
81,421,40,4,677
81,421,41,6,683
81,421,42,8,691
81,421,43,10,701
81,421,44,8,709
81,421,45,10,719
81,421,46,8,727
81,421,47,6,733
81,421,48,6,739
81,421,49,4,743
81,421,50,8,751
81,421,51,6,757
81,421,52,4,761
81,421,53,8,769
81,421,54,4,773
81,421,55,14,787
81,421,56,10,797
81,421,57,12,809
81,421,58,2,811
81,421,59,10,821
81,421,60,2,823
81,421,61,4,827
81,421,62,2,829
81,421,63,10,839
81,421,64,14,853
81,421,65,4,857
81,421,66,2,859
81,421,67,4,863
81,421,68,14,877
81,421,69,4,881
81,421,70,2,883
81,421,71,4,887
81,421,72,20,907
81,421,73,4,911
81,421,74,8,919
81,421,75,10,929
81,421,76,8,937
81,421,77,4,941
81,421,78,6,947
81,421,79,6,953
81,421,80,14,967
81,421,81,4,971
81,421,82,6,977
81,421,83,6,983
81,421,84,8,991
81,421,85,6,997
81,421,86,12,1009
81,421,87,4,1013
81,421,88,6,1019
81,421,89,2,1021
81,421,90,10,1031
81,421,91,2,1033
81,421,92,6,1039
81,421,93,10,1049
81,421,94,2,1051
81,421,95,10,1061
81,421,96,2,1063
81,421,97,6,1069
81,421,98,18,1087
81,421,99,4,1091
82,431,0,2,433
82,431,1,6,439
82,431,2,4,443
82,431,3,6,449
82,431,4,8,457
82,431,5,4,461
82,431,6,2,463
82,431,7,4,467
82,431,8,12,479
82,431,9,8,487
82,431,10,4,491
82,431,11,8,499
82,431,12,4,503
82,431,13,6,509
82,431,14,12,521
82,431,15,2,523
82,431,16,18,541
82,431,17,6,547
82,431,18,10,557
82,431,19,6,563
82,431,20,6,569
82,431,21,2,571
82,431,22,6,577
82,431,23,10,587
82,431,24,6,593
82,431,25,6,599
82,431,26,2,601
82,431,27,6,607
82,431,28,6,613
82,431,29,4,617
82,431,30,2,619
82,431,31,12,631
82,431,32,10,641
82,431,33,2,643
82,431,34,4,647
82,431,35,6,653
82,431,36,6,659
82,431,37,2,661
82,431,38,12,673
82,431,39,4,677
82,431,40,6,683
82,431,41,8,691
82,431,42,10,701
82,431,43,8,709
82,431,44,10,719
82,431,45,8,727
82,431,46,6,733
82,431,47,6,739
82,431,48,4,743
82,431,49,8,751
82,431,50,6,757
82,431,51,4,761
82,431,52,8,769
82,431,53,4,773
82,431,54,14,787
82,431,55,10,797
82,431,56,12,809
82,431,57,2,811
82,431,58,10,821
82,431,59,2,823
82,431,60,4,827
82,431,61,2,829
82,431,62,10,839
82,431,63,14,853
82,431,64,4,857
82,431,65,2,859
82,431,66,4,863
82,431,67,14,877
82,431,68,4,881
82,431,69,2,883
82,431,70,4,887
82,431,71,20,907
82,431,72,4,911
82,431,73,8,919
82,431,74,10,929
82,431,75,8,937
82,431,76,4,941
82,431,77,6,947
82,431,78,6,953
82,431,79,14,967
82,431,80,4,971
82,431,81,6,977
82,431,82,6,983
82,431,83,8,991
82,431,84,6,997
82,431,85,12,1009
82,431,86,4,1013
82,431,87,6,1019
82,431,88,2,1021
82,431,89,10,1031
82,431,90,2,1033
82,431,91,6,1039
82,431,92,10,1049
82,431,93,2,1051
82,431,94,10,1061
82,431,95,2,1063
82,431,96,6,1069
82,431,97,18,1087
82,431,98,4,1091
82,431,99,2,1093
83,433,0,6,439
83,433,1,4,443
83,433,2,6,449
83,433,3,8,457
83,433,4,4,461
83,433,5,2,463
83,433,6,4,467
83,433,7,12,479
83,433,8,8,487
83,433,9,4,491
83,433,10,8,499
83,433,11,4,503
83,433,12,6,509
83,433,13,12,521
83,433,14,2,523
83,433,15,18,541
83,433,16,6,547
83,433,17,10,557
83,433,18,6,563
83,433,19,6,569
83,433,20,2,571
83,433,21,6,577
83,433,22,10,587
83,433,23,6,593
83,433,24,6,599
83,433,25,2,601
83,433,26,6,607
83,433,27,6,613
83,433,28,4,617
83,433,29,2,619
83,433,30,12,631
83,433,31,10,641
83,433,32,2,643
83,433,33,4,647
83,433,34,6,653
83,433,35,6,659
83,433,36,2,661
83,433,37,12,673
83,433,38,4,677
83,433,39,6,683
83,433,40,8,691
83,433,41,10,701
83,433,42,8,709
83,433,43,10,719
83,433,44,8,727
83,433,45,6,733
83,433,46,6,739
83,433,47,4,743
83,433,48,8,751
83,433,49,6,757
83,433,50,4,761
83,433,51,8,769
83,433,52,4,773
83,433,53,14,787
83,433,54,10,797
83,433,55,12,809
83,433,56,2,811
83,433,57,10,821
83,433,58,2,823
83,433,59,4,827
83,433,60,2,829
83,433,61,10,839
83,433,62,14,853
83,433,63,4,857
83,433,64,2,859
83,433,65,4,863
83,433,66,14,877
83,433,67,4,881
83,433,68,2,883
83,433,69,4,887
83,433,70,20,907
83,433,71,4,911
83,433,72,8,919
83,433,73,10,929
83,433,74,8,937
83,433,75,4,941
83,433,76,6,947
83,433,77,6,953
83,433,78,14,967
83,433,79,4,971
83,433,80,6,977
83,433,81,6,983
83,433,82,8,991
83,433,83,6,997
83,433,84,12,1009
83,433,85,4,1013
83,433,86,6,1019
83,433,87,2,1021
83,433,88,10,1031
83,433,89,2,1033
83,433,90,6,1039
83,433,91,10,1049
83,433,92,2,1051
83,433,93,10,1061
83,433,94,2,1063
83,433,95,6,1069
83,433,96,18,1087
83,433,97,4,1091
83,433,98,2,1093
83,433,99,4,1097
84,439,0,4,443
84,439,1,6,449
84,439,2,8,457
84,439,3,4,461
84,439,4,2,463
84,439,5,4,467
84,439,6,12,479
84,439,7,8,487
84,439,8,4,491
84,439,9,8,499
84,439,10,4,503
84,439,11,6,509
84,439,12,12,521
84,439,13,2,523
84,439,14,18,541
84,439,15,6,547
84,439,16,10,557
84,439,17,6,563
84,439,18,6,569
84,439,19,2,571
84,439,20,6,577
84,439,21,10,587
84,439,22,6,593
84,439,23,6,599
84,439,24,2,601
84,439,25,6,607
84,439,26,6,613
84,439,27,4,617
84,439,28,2,619
84,439,29,12,631
84,439,30,10,641
84,439,31,2,643
84,439,32,4,647
84,439,33,6,653
84,439,34,6,659
84,439,35,2,661
84,439,36,12,673
84,439,37,4,677
84,439,38,6,683
84,439,39,8,691
84,439,40,10,701
84,439,41,8,709
84,439,42,10,719
84,439,43,8,727
84,439,44,6,733
84,439,45,6,739
84,439,46,4,743
84,439,47,8,751
84,439,48,6,757
84,439,49,4,761
84,439,50,8,769
84,439,51,4,773
84,439,52,14,787
84,439,53,10,797
84,439,54,12,809
84,439,55,2,811
84,439,56,10,821
84,439,57,2,823
84,439,58,4,827
84,439,59,2,829
84,439,60,10,839
84,439,61,14,853
84,439,62,4,857
84,439,63,2,859
84,439,64,4,863
84,439,65,14,877
84,439,66,4,881
84,439,67,2,883
84,439,68,4,887
84,439,69,20,907
84,439,70,4,911
84,439,71,8,919
84,439,72,10,929
84,439,73,8,937
84,439,74,4,941
84,439,75,6,947
84,439,76,6,953
84,439,77,14,967
84,439,78,4,971
84,439,79,6,977
84,439,80,6,983
84,439,81,8,991
84,439,82,6,997
84,439,83,12,1009
84,439,84,4,1013
84,439,85,6,1019
84,439,86,2,1021
84,439,87,10,1031
84,439,88,2,1033
84,439,89,6,1039
84,439,90,10,1049
84,439,91,2,1051
84,439,92,10,1061
84,439,93,2,1063
84,439,94,6,1069
84,439,95,18,1087
84,439,96,4,1091
84,439,97,2,1093
84,439,98,4,1097
84,439,99,6,1103
85,443,0,6,449
85,443,1,8,457
85,443,2,4,461
85,443,3,2,463
85,443,4,4,467
85,443,5,12,479
85,443,6,8,487
85,443,7,4,491
85,443,8,8,499
85,443,9,4,503
85,443,10,6,509
85,443,11,12,521
85,443,12,2,523
85,443,13,18,541
85,443,14,6,547
85,443,15,10,557
85,443,16,6,563
85,443,17,6,569
85,443,18,2,571
85,443,19,6,577
85,443,20,10,587
85,443,21,6,593
85,443,22,6,599
85,443,23,2,601
85,443,24,6,607
85,443,25,6,613
85,443,26,4,617
85,443,27,2,619
85,443,28,12,631
85,443,29,10,641
85,443,30,2,643
85,443,31,4,647
85,443,32,6,653
85,443,33,6,659
85,443,34,2,661
85,443,35,12,673
85,443,36,4,677
85,443,37,6,683
85,443,38,8,691
85,443,39,10,701
85,443,40,8,709
85,443,41,10,719
85,443,42,8,727
85,443,43,6,733
85,443,44,6,739
85,443,45,4,743
85,443,46,8,751
85,443,47,6,757
85,443,48,4,761
85,443,49,8,769
85,443,50,4,773
85,443,51,14,787
85,443,52,10,797
85,443,53,12,809
85,443,54,2,811
85,443,55,10,821
85,443,56,2,823
85,443,57,4,827
85,443,58,2,829
85,443,59,10,839
85,443,60,14,853
85,443,61,4,857
85,443,62,2,859
85,443,63,4,863
85,443,64,14,877
85,443,65,4,881
85,443,66,2,883
85,443,67,4,887
85,443,68,20,907
85,443,69,4,911
85,443,70,8,919
85,443,71,10,929
85,443,72,8,937
85,443,73,4,941
85,443,74,6,947
85,443,75,6,953
85,443,76,14,967
85,443,77,4,971
85,443,78,6,977
85,443,79,6,983
85,443,80,8,991
85,443,81,6,997
85,443,82,12,1009
85,443,83,4,1013
85,443,84,6,1019
85,443,85,2,1021
85,443,86,10,1031
85,443,87,2,1033
85,443,88,6,1039
85,443,89,10,1049
85,443,90,2,1051
85,443,91,10,1061
85,443,92,2,1063
85,443,93,6,1069
85,443,94,18,1087
85,443,95,4,1091
85,443,96,2,1093
85,443,97,4,1097
85,443,98,6,1103
85,443,99,6,1109
86,449,0,8,457
86,449,1,4,461
86,449,2,2,463
86,449,3,4,467
86,449,4,12,479
86,449,5,8,487
86,449,6,4,491
86,449,7,8,499
86,449,8,4,503
86,449,9,6,509
86,449,10,12,521
86,449,11,2,523
86,449,12,18,541
86,449,13,6,547
86,449,14,10,557
86,449,15,6,563
86,449,16,6,569
86,449,17,2,571
86,449,18,6,577
86,449,19,10,587
86,449,20,6,593
86,449,21,6,599
86,449,22,2,601
86,449,23,6,607
86,449,24,6,613
86,449,25,4,617
86,449,26,2,619
86,449,27,12,631
86,449,28,10,641
86,449,29,2,643
86,449,30,4,647
86,449,31,6,653
86,449,32,6,659
86,449,33,2,661
86,449,34,12,673
86,449,35,4,677
86,449,36,6,683
86,449,37,8,691
86,449,38,10,701
86,449,39,8,709
86,449,40,10,719
86,449,41,8,727
86,449,42,6,733
86,449,43,6,739
86,449,44,4,743
86,449,45,8,751
86,449,46,6,757
86,449,47,4,761
86,449,48,8,769
86,449,49,4,773
86,449,50,14,787
86,449,51,10,797
86,449,52,12,809
86,449,53,2,811
86,449,54,10,821
86,449,55,2,823
86,449,56,4,827
86,449,57,2,829
86,449,58,10,839
86,449,59,14,853
86,449,60,4,857
86,449,61,2,859
86,449,62,4,863
86,449,63,14,877
86,449,64,4,881
86,449,65,2,883
86,449,66,4,887
86,449,67,20,907
86,449,68,4,911
86,449,69,8,919
86,449,70,10,929
86,449,71,8,937
86,449,72,4,941
86,449,73,6,947
86,449,74,6,953
86,449,75,14,967
86,449,76,4,971
86,449,77,6,977
86,449,78,6,983
86,449,79,8,991
86,449,80,6,997
86,449,81,12,1009
86,449,82,4,1013
86,449,83,6,1019
86,449,84,2,1021
86,449,85,10,1031
86,449,86,2,1033
86,449,87,6,1039
86,449,88,10,1049
86,449,89,2,1051
86,449,90,10,1061
86,449,91,2,1063
86,449,92,6,1069
86,449,93,18,1087
86,449,94,4,1091
86,449,95,2,1093
86,449,96,4,1097
86,449,97,6,1103
86,449,98,6,1109
86,449,99,8,1117
87,457,0,4,461
87,457,1,2,463
87,457,2,4,467
87,457,3,12,479
87,457,4,8,487
87,457,5,4,491
87,457,6,8,499
87,457,7,4,503
87,457,8,6,509
87,457,9,12,521
87,457,10,2,523
87,457,11,18,541
87,457,12,6,547
87,457,13,10,557
87,457,14,6,563
87,457,15,6,569
87,457,16,2,571
87,457,17,6,577
87,457,18,10,587
87,457,19,6,593
87,457,20,6,599
87,457,21,2,601
87,457,22,6,607
87,457,23,6,613
87,457,24,4,617
87,457,25,2,619
87,457,26,12,631
87,457,27,10,641
87,457,28,2,643
87,457,29,4,647
87,457,30,6,653
87,457,31,6,659
87,457,32,2,661
87,457,33,12,673
87,457,34,4,677
87,457,35,6,683
87,457,36,8,691
87,457,37,10,701
87,457,38,8,709
87,457,39,10,719
87,457,40,8,727
87,457,41,6,733
87,457,42,6,739
87,457,43,4,743
87,457,44,8,751
87,457,45,6,757
87,457,46,4,761
87,457,47,8,769
87,457,48,4,773
87,457,49,14,787
87,457,50,10,797
87,457,51,12,809
87,457,52,2,811
87,457,53,10,821
87,457,54,2,823
87,457,55,4,827
87,457,56,2,829
87,457,57,10,839
87,457,58,14,853
87,457,59,4,857
87,457,60,2,859
87,457,61,4,863
87,457,62,14,877
87,457,63,4,881
87,457,64,2,883
87,457,65,4,887
87,457,66,20,907
87,457,67,4,911
87,457,68,8,919
87,457,69,10,929
87,457,70,8,937
87,457,71,4,941
87,457,72,6,947
87,457,73,6,953
87,457,74,14,967
87,457,75,4,971
87,457,76,6,977
87,457,77,6,983
87,457,78,8,991
87,457,79,6,997
87,457,80,12,1009
87,457,81,4,1013
87,457,82,6,1019
87,457,83,2,1021
87,457,84,10,1031
87,457,85,2,1033
87,457,86,6,1039
87,457,87,10,1049
87,457,88,2,1051
87,457,89,10,1061
87,457,90,2,1063
87,457,91,6,1069
87,457,92,18,1087
87,457,93,4,1091
87,457,94,2,1093
87,457,95,4,1097
87,457,96,6,1103
87,457,97,6,1109
87,457,98,8,1117
87,457,99,6,1123
88,461,0,2,463
88,461,1,4,467
88,461,2,12,479
88,461,3,8,487
88,461,4,4,491
88,461,5,8,499
88,461,6,4,503
88,461,7,6,509
88,461,8,12,521
88,461,9,2,523
88,461,10,18,541
88,461,11,6,547
88,461,12,10,557
88,461,13,6,563
88,461,14,6,569
88,461,15,2,571
88,461,16,6,577
88,461,17,10,587
88,461,18,6,593
88,461,19,6,599
88,461,20,2,601
88,461,21,6,607
88,461,22,6,613
88,461,23,4,617
88,461,24,2,619
88,461,25,12,631
88,461,26,10,641
88,461,27,2,643
88,461,28,4,647
88,461,29,6,653
88,461,30,6,659
88,461,31,2,661
88,461,32,12,673
88,461,33,4,677
88,461,34,6,683
88,461,35,8,691
88,461,36,10,701
88,461,37,8,709
88,461,38,10,719
88,461,39,8,727
88,461,40,6,733
88,461,41,6,739
88,461,42,4,743
88,461,43,8,751
88,461,44,6,757
88,461,45,4,761
88,461,46,8,769
88,461,47,4,773
88,461,48,14,787
88,461,49,10,797
88,461,50,12,809
88,461,51,2,811
88,461,52,10,821
88,461,53,2,823
88,461,54,4,827
88,461,55,2,829
88,461,56,10,839
88,461,57,14,853
88,461,58,4,857
88,461,59,2,859
88,461,60,4,863
88,461,61,14,877
88,461,62,4,881
88,461,63,2,883
88,461,64,4,887
88,461,65,20,907
88,461,66,4,911
88,461,67,8,919
88,461,68,10,929
88,461,69,8,937
88,461,70,4,941
88,461,71,6,947
88,461,72,6,953
88,461,73,14,967
88,461,74,4,971
88,461,75,6,977
88,461,76,6,983
88,461,77,8,991
88,461,78,6,997
88,461,79,12,1009
88,461,80,4,1013
88,461,81,6,1019
88,461,82,2,1021
88,461,83,10,1031
88,461,84,2,1033
88,461,85,6,1039
88,461,86,10,1049
88,461,87,2,1051
88,461,88,10,1061
88,461,89,2,1063
88,461,90,6,1069
88,461,91,18,1087
88,461,92,4,1091
88,461,93,2,1093
88,461,94,4,1097
88,461,95,6,1103
88,461,96,6,1109
88,461,97,8,1117
88,461,98,6,1123
88,461,99,6,1129
89,463,0,4,467
89,463,1,12,479
89,463,2,8,487
89,463,3,4,491
89,463,4,8,499
89,463,5,4,503
89,463,6,6,509
89,463,7,12,521
89,463,8,2,523
89,463,9,18,541
89,463,10,6,547
89,463,11,10,557
89,463,12,6,563
89,463,13,6,569
89,463,14,2,571
89,463,15,6,577
89,463,16,10,587
89,463,17,6,593
89,463,18,6,599
89,463,19,2,601
89,463,20,6,607
89,463,21,6,613
89,463,22,4,617
89,463,23,2,619
89,463,24,12,631
89,463,25,10,641
89,463,26,2,643
89,463,27,4,647
89,463,28,6,653
89,463,29,6,659
89,463,30,2,661
89,463,31,12,673
89,463,32,4,677
89,463,33,6,683
89,463,34,8,691
89,463,35,10,701
89,463,36,8,709
89,463,37,10,719
89,463,38,8,727
89,463,39,6,733
89,463,40,6,739
89,463,41,4,743
89,463,42,8,751
89,463,43,6,757
89,463,44,4,761
89,463,45,8,769
89,463,46,4,773
89,463,47,14,787
89,463,48,10,797
89,463,49,12,809
89,463,50,2,811
89,463,51,10,821
89,463,52,2,823
89,463,53,4,827
89,463,54,2,829
89,463,55,10,839
89,463,56,14,853
89,463,57,4,857
89,463,58,2,859
89,463,59,4,863
89,463,60,14,877
89,463,61,4,881
89,463,62,2,883
89,463,63,4,887
89,463,64,20,907
89,463,65,4,911
89,463,66,8,919
89,463,67,10,929
89,463,68,8,937
89,463,69,4,941
89,463,70,6,947
89,463,71,6,953
89,463,72,14,967
89,463,73,4,971
89,463,74,6,977
89,463,75,6,983
89,463,76,8,991
89,463,77,6,997
89,463,78,12,1009
89,463,79,4,1013
89,463,80,6,1019
89,463,81,2,1021
89,463,82,10,1031
89,463,83,2,1033
89,463,84,6,1039
89,463,85,10,1049
89,463,86,2,1051
89,463,87,10,1061
89,463,88,2,1063
89,463,89,6,1069
89,463,90,18,1087
89,463,91,4,1091
89,463,92,2,1093
89,463,93,4,1097
89,463,94,6,1103
89,463,95,6,1109
89,463,96,8,1117
89,463,97,6,1123
89,463,98,6,1129
89,463,99,22,1151
90,467,0,12,479
90,467,1,8,487
90,467,2,4,491
90,467,3,8,499
90,467,4,4,503
90,467,5,6,509
90,467,6,12,521
90,467,7,2,523
90,467,8,18,541
90,467,9,6,547
90,467,10,10,557
90,467,11,6,563
90,467,12,6,569
90,467,13,2,571
90,467,14,6,577
90,467,15,10,587
90,467,16,6,593
90,467,17,6,599
90,467,18,2,601
90,467,19,6,607
90,467,20,6,613
90,467,21,4,617
90,467,22,2,619
90,467,23,12,631
90,467,24,10,641
90,467,25,2,643
90,467,26,4,647
90,467,27,6,653
90,467,28,6,659
90,467,29,2,661
90,467,30,12,673
90,467,31,4,677
90,467,32,6,683
90,467,33,8,691
90,467,34,10,701
90,467,35,8,709
90,467,36,10,719
90,467,37,8,727
90,467,38,6,733
90,467,39,6,739
90,467,40,4,743
90,467,41,8,751
90,467,42,6,757
90,467,43,4,761
90,467,44,8,769
90,467,45,4,773
90,467,46,14,787
90,467,47,10,797
90,467,48,12,809
90,467,49,2,811
90,467,50,10,821
90,467,51,2,823
90,467,52,4,827
90,467,53,2,829
90,467,54,10,839
90,467,55,14,853
90,467,56,4,857
90,467,57,2,859
90,467,58,4,863
90,467,59,14,877
90,467,60,4,881
90,467,61,2,883
90,467,62,4,887
90,467,63,20,907
90,467,64,4,911
90,467,65,8,919
90,467,66,10,929
90,467,67,8,937
90,467,68,4,941
90,467,69,6,947
90,467,70,6,953
90,467,71,14,967
90,467,72,4,971
90,467,73,6,977
90,467,74,6,983
90,467,75,8,991
90,467,76,6,997
90,467,77,12,1009
90,467,78,4,1013
90,467,79,6,1019
90,467,80,2,1021
90,467,81,10,1031
90,467,82,2,1033
90,467,83,6,1039
90,467,84,10,1049
90,467,85,2,1051
90,467,86,10,1061
90,467,87,2,1063
90,467,88,6,1069
90,467,89,18,1087
90,467,90,4,1091
90,467,91,2,1093
90,467,92,4,1097
90,467,93,6,1103
90,467,94,6,1109
90,467,95,8,1117
90,467,96,6,1123
90,467,97,6,1129
90,467,98,22,1151
90,467,99,2,1153
91,479,0,8,487
91,479,1,4,491
91,479,2,8,499
91,479,3,4,503
91,479,4,6,509
91,479,5,12,521
91,479,6,2,523
91,479,7,18,541
91,479,8,6,547
91,479,9,10,557
91,479,10,6,563
91,479,11,6,569
91,479,12,2,571
91,479,13,6,577
91,479,14,10,587
91,479,15,6,593
91,479,16,6,599
91,479,17,2,601
91,479,18,6,607
91,479,19,6,613
91,479,20,4,617
91,479,21,2,619
91,479,22,12,631
91,479,23,10,641
91,479,24,2,643
91,479,25,4,647
91,479,26,6,653
91,479,27,6,659
91,479,28,2,661
91,479,29,12,673
91,479,30,4,677
91,479,31,6,683
91,479,32,8,691
91,479,33,10,701
91,479,34,8,709
91,479,35,10,719
91,479,36,8,727
91,479,37,6,733
91,479,38,6,739
91,479,39,4,743
91,479,40,8,751
91,479,41,6,757
91,479,42,4,761
91,479,43,8,769
91,479,44,4,773
91,479,45,14,787
91,479,46,10,797
91,479,47,12,809
91,479,48,2,811
91,479,49,10,821
91,479,50,2,823
91,479,51,4,827
91,479,52,2,829
91,479,53,10,839
91,479,54,14,853
91,479,55,4,857
91,479,56,2,859
91,479,57,4,863
91,479,58,14,877
91,479,59,4,881
91,479,60,2,883
91,479,61,4,887
91,479,62,20,907
91,479,63,4,911
91,479,64,8,919
91,479,65,10,929
91,479,66,8,937
91,479,67,4,941
91,479,68,6,947
91,479,69,6,953
91,479,70,14,967
91,479,71,4,971
91,479,72,6,977
91,479,73,6,983
91,479,74,8,991
91,479,75,6,997
91,479,76,12,1009
91,479,77,4,1013
91,479,78,6,1019
91,479,79,2,1021
91,479,80,10,1031
91,479,81,2,1033
91,479,82,6,1039
91,479,83,10,1049
91,479,84,2,1051
91,479,85,10,1061
91,479,86,2,1063
91,479,87,6,1069
91,479,88,18,1087
91,479,89,4,1091
91,479,90,2,1093
91,479,91,4,1097
91,479,92,6,1103
91,479,93,6,1109
91,479,94,8,1117
91,479,95,6,1123
91,479,96,6,1129
91,479,97,22,1151
91,479,98,2,1153
91,479,99,10,1163
92,487,0,4,491
92,487,1,8,499
92,487,2,4,503
92,487,3,6,509
92,487,4,12,521
92,487,5,2,523
92,487,6,18,541
92,487,7,6,547
92,487,8,10,557
92,487,9,6,563
92,487,10,6,569
92,487,11,2,571
92,487,12,6,577
92,487,13,10,587
92,487,14,6,593
92,487,15,6,599
92,487,16,2,601
92,487,17,6,607
92,487,18,6,613
92,487,19,4,617
92,487,20,2,619
92,487,21,12,631
92,487,22,10,641
92,487,23,2,643
92,487,24,4,647
92,487,25,6,653
92,487,26,6,659
92,487,27,2,661
92,487,28,12,673
92,487,29,4,677
92,487,30,6,683
92,487,31,8,691
92,487,32,10,701
92,487,33,8,709
92,487,34,10,719
92,487,35,8,727
92,487,36,6,733
92,487,37,6,739
92,487,38,4,743
92,487,39,8,751
92,487,40,6,757
92,487,41,4,761
92,487,42,8,769
92,487,43,4,773
92,487,44,14,787
92,487,45,10,797
92,487,46,12,809
92,487,47,2,811
92,487,48,10,821
92,487,49,2,823
92,487,50,4,827
92,487,51,2,829
92,487,52,10,839
92,487,53,14,853
92,487,54,4,857
92,487,55,2,859
92,487,56,4,863
92,487,57,14,877
92,487,58,4,881
92,487,59,2,883
92,487,60,4,887
92,487,61,20,907
92,487,62,4,911
92,487,63,8,919
92,487,64,10,929
92,487,65,8,937
92,487,66,4,941
92,487,67,6,947
92,487,68,6,953
92,487,69,14,967
92,487,70,4,971
92,487,71,6,977
92,487,72,6,983
92,487,73,8,991
92,487,74,6,997
92,487,75,12,1009
92,487,76,4,1013
92,487,77,6,1019
92,487,78,2,1021
92,487,79,10,1031
92,487,80,2,1033
92,487,81,6,1039
92,487,82,10,1049
92,487,83,2,1051
92,487,84,10,1061
92,487,85,2,1063
92,487,86,6,1069
92,487,87,18,1087
92,487,88,4,1091
92,487,89,2,1093
92,487,90,4,1097
92,487,91,6,1103
92,487,92,6,1109
92,487,93,8,1117
92,487,94,6,1123
92,487,95,6,1129
92,487,96,22,1151
92,487,97,2,1153
92,487,98,10,1163
92,487,99,8,1171
93,491,0,8,499
93,491,1,4,503
93,491,2,6,509
93,491,3,12,521
93,491,4,2,523
93,491,5,18,541
93,491,6,6,547
93,491,7,10,557
93,491,8,6,563
93,491,9,6,569
93,491,10,2,571
93,491,11,6,577
93,491,12,10,587
93,491,13,6,593
93,491,14,6,599
93,491,15,2,601
93,491,16,6,607
93,491,17,6,613
93,491,18,4,617
93,491,19,2,619
93,491,20,12,631
93,491,21,10,641
93,491,22,2,643
93,491,23,4,647
93,491,24,6,653
93,491,25,6,659
93,491,26,2,661
93,491,27,12,673
93,491,28,4,677
93,491,29,6,683
93,491,30,8,691
93,491,31,10,701
93,491,32,8,709
93,491,33,10,719
93,491,34,8,727
93,491,35,6,733
93,491,36,6,739
93,491,37,4,743
93,491,38,8,751
93,491,39,6,757
93,491,40,4,761
93,491,41,8,769
93,491,42,4,773
93,491,43,14,787
93,491,44,10,797
93,491,45,12,809
93,491,46,2,811
93,491,47,10,821
93,491,48,2,823
93,491,49,4,827
93,491,50,2,829
93,491,51,10,839
93,491,52,14,853
93,491,53,4,857
93,491,54,2,859
93,491,55,4,863
93,491,56,14,877
93,491,57,4,881
93,491,58,2,883
93,491,59,4,887
93,491,60,20,907
93,491,61,4,911
93,491,62,8,919
93,491,63,10,929
93,491,64,8,937
93,491,65,4,941
93,491,66,6,947
93,491,67,6,953
93,491,68,14,967
93,491,69,4,971
93,491,70,6,977
93,491,71,6,983
93,491,72,8,991
93,491,73,6,997
93,491,74,12,1009
93,491,75,4,1013
93,491,76,6,1019
93,491,77,2,1021
93,491,78,10,1031
93,491,79,2,1033
93,491,80,6,1039
93,491,81,10,1049
93,491,82,2,1051
93,491,83,10,1061
93,491,84,2,1063
93,491,85,6,1069
93,491,86,18,1087
93,491,87,4,1091
93,491,88,2,1093
93,491,89,4,1097
93,491,90,6,1103
93,491,91,6,1109
93,491,92,8,1117
93,491,93,6,1123
93,491,94,6,1129
93,491,95,22,1151
93,491,96,2,1153
93,491,97,10,1163
93,491,98,8,1171
93,491,99,10,1181
94,499,0,4,503
94,499,1,6,509
94,499,2,12,521
94,499,3,2,523
94,499,4,18,541
94,499,5,6,547
94,499,6,10,557
94,499,7,6,563
94,499,8,6,569
94,499,9,2,571
94,499,10,6,577
94,499,11,10,587
94,499,12,6,593
94,499,13,6,599
94,499,14,2,601
94,499,15,6,607
94,499,16,6,613
94,499,17,4,617
94,499,18,2,619
94,499,19,12,631
94,499,20,10,641
94,499,21,2,643
94,499,22,4,647
94,499,23,6,653
94,499,24,6,659
94,499,25,2,661
94,499,26,12,673
94,499,27,4,677
94,499,28,6,683
94,499,29,8,691
94,499,30,10,701
94,499,31,8,709
94,499,32,10,719
94,499,33,8,727
94,499,34,6,733
94,499,35,6,739
94,499,36,4,743
94,499,37,8,751
94,499,38,6,757
94,499,39,4,761
94,499,40,8,769
94,499,41,4,773
94,499,42,14,787
94,499,43,10,797
94,499,44,12,809
94,499,45,2,811
94,499,46,10,821
94,499,47,2,823
94,499,48,4,827
94,499,49,2,829
94,499,50,10,839
94,499,51,14,853
94,499,52,4,857
94,499,53,2,859
94,499,54,4,863
94,499,55,14,877
94,499,56,4,881
94,499,57,2,883
94,499,58,4,887
94,499,59,20,907
94,499,60,4,911
94,499,61,8,919
94,499,62,10,929
94,499,63,8,937
94,499,64,4,941
94,499,65,6,947
94,499,66,6,953
94,499,67,14,967
94,499,68,4,971
94,499,69,6,977
94,499,70,6,983
94,499,71,8,991
94,499,72,6,997
94,499,73,12,1009
94,499,74,4,1013
94,499,75,6,1019
94,499,76,2,1021
94,499,77,10,1031
94,499,78,2,1033
94,499,79,6,1039
94,499,80,10,1049
94,499,81,2,1051
94,499,82,10,1061
94,499,83,2,1063
94,499,84,6,1069
94,499,85,18,1087
94,499,86,4,1091
94,499,87,2,1093
94,499,88,4,1097
94,499,89,6,1103
94,499,90,6,1109
94,499,91,8,1117
94,499,92,6,1123
94,499,93,6,1129
94,499,94,22,1151
94,499,95,2,1153
94,499,96,10,1163
94,499,97,8,1171
94,499,98,10,1181
94,499,99,6,1187
95,503,0,6,509
95,503,1,12,521
95,503,2,2,523
95,503,3,18,541
95,503,4,6,547
95,503,5,10,557
95,503,6,6,563
95,503,7,6,569
95,503,8,2,571
95,503,9,6,577
95,503,10,10,587
95,503,11,6,593
95,503,12,6,599
95,503,13,2,601
95,503,14,6,607
95,503,15,6,613
95,503,16,4,617
95,503,17,2,619
95,503,18,12,631
95,503,19,10,641
95,503,20,2,643
95,503,21,4,647
95,503,22,6,653
95,503,23,6,659
95,503,24,2,661
95,503,25,12,673
95,503,26,4,677
95,503,27,6,683
95,503,28,8,691
95,503,29,10,701
95,503,30,8,709
95,503,31,10,719
95,503,32,8,727
95,503,33,6,733
95,503,34,6,739
95,503,35,4,743
95,503,36,8,751
95,503,37,6,757
95,503,38,4,761
95,503,39,8,769
95,503,40,4,773
95,503,41,14,787
95,503,42,10,797
95,503,43,12,809
95,503,44,2,811
95,503,45,10,821
95,503,46,2,823
95,503,47,4,827
95,503,48,2,829
95,503,49,10,839
95,503,50,14,853
95,503,51,4,857
95,503,52,2,859
95,503,53,4,863
95,503,54,14,877
95,503,55,4,881
95,503,56,2,883
95,503,57,4,887
95,503,58,20,907
95,503,59,4,911
95,503,60,8,919
95,503,61,10,929
95,503,62,8,937
95,503,63,4,941
95,503,64,6,947
95,503,65,6,953
95,503,66,14,967
95,503,67,4,971
95,503,68,6,977
95,503,69,6,983
95,503,70,8,991
95,503,71,6,997
95,503,72,12,1009
95,503,73,4,1013
95,503,74,6,1019
95,503,75,2,1021
95,503,76,10,1031
95,503,77,2,1033
95,503,78,6,1039
95,503,79,10,1049
95,503,80,2,1051
95,503,81,10,1061
95,503,82,2,1063
95,503,83,6,1069
95,503,84,18,1087
95,503,85,4,1091
95,503,86,2,1093
95,503,87,4,1097
95,503,88,6,1103
95,503,89,6,1109
95,503,90,8,1117
95,503,91,6,1123
95,503,92,6,1129
95,503,93,22,1151
95,503,94,2,1153
95,503,95,10,1163
95,503,96,8,1171
95,503,97,10,1181
95,503,98,6,1187
95,503,99,6,1193
96,509,0,12,521
96,509,1,2,523
96,509,2,18,541
96,509,3,6,547
96,509,4,10,557
96,509,5,6,563
96,509,6,6,569
96,509,7,2,571
96,509,8,6,577
96,509,9,10,587
96,509,10,6,593
96,509,11,6,599
96,509,12,2,601
96,509,13,6,607
96,509,14,6,613
96,509,15,4,617
96,509,16,2,619
96,509,17,12,631
96,509,18,10,641
96,509,19,2,643
96,509,20,4,647
96,509,21,6,653
96,509,22,6,659
96,509,23,2,661
96,509,24,12,673
96,509,25,4,677
96,509,26,6,683
96,509,27,8,691
96,509,28,10,701
96,509,29,8,709
96,509,30,10,719
96,509,31,8,727
96,509,32,6,733
96,509,33,6,739
96,509,34,4,743
96,509,35,8,751
96,509,36,6,757
96,509,37,4,761
96,509,38,8,769
96,509,39,4,773
96,509,40,14,787
96,509,41,10,797
96,509,42,12,809
96,509,43,2,811
96,509,44,10,821
96,509,45,2,823
96,509,46,4,827
96,509,47,2,829
96,509,48,10,839
96,509,49,14,853
96,509,50,4,857
96,509,51,2,859
96,509,52,4,863
96,509,53,14,877
96,509,54,4,881
96,509,55,2,883
96,509,56,4,887
96,509,57,20,907
96,509,58,4,911
96,509,59,8,919
96,509,60,10,929
96,509,61,8,937
96,509,62,4,941
96,509,63,6,947
96,509,64,6,953
96,509,65,14,967
96,509,66,4,971
96,509,67,6,977
96,509,68,6,983
96,509,69,8,991
96,509,70,6,997
96,509,71,12,1009
96,509,72,4,1013
96,509,73,6,1019
96,509,74,2,1021
96,509,75,10,1031
96,509,76,2,1033
96,509,77,6,1039
96,509,78,10,1049
96,509,79,2,1051
96,509,80,10,1061
96,509,81,2,1063
96,509,82,6,1069
96,509,83,18,1087
96,509,84,4,1091
96,509,85,2,1093
96,509,86,4,1097
96,509,87,6,1103
96,509,88,6,1109
96,509,89,8,1117
96,509,90,6,1123
96,509,91,6,1129
96,509,92,22,1151
96,509,93,2,1153
96,509,94,10,1163
96,509,95,8,1171
96,509,96,10,1181
96,509,97,6,1187
96,509,98,6,1193
96,509,99,8,1201
97,521,0,2,523
97,521,1,18,541
97,521,2,6,547
97,521,3,10,557
97,521,4,6,563
97,521,5,6,569
97,521,6,2,571
97,521,7,6,577
97,521,8,10,587
97,521,9,6,593
97,521,10,6,599
97,521,11,2,601
97,521,12,6,607
97,521,13,6,613
97,521,14,4,617
97,521,15,2,619
97,521,16,12,631
97,521,17,10,641
97,521,18,2,643
97,521,19,4,647
97,521,20,6,653
97,521,21,6,659
97,521,22,2,661
97,521,23,12,673
97,521,24,4,677
97,521,25,6,683
97,521,26,8,691
97,521,27,10,701
97,521,28,8,709
97,521,29,10,719
97,521,30,8,727
97,521,31,6,733
97,521,32,6,739
97,521,33,4,743
97,521,34,8,751
97,521,35,6,757
97,521,36,4,761
97,521,37,8,769
97,521,38,4,773
97,521,39,14,787
97,521,40,10,797
97,521,41,12,809
97,521,42,2,811
97,521,43,10,821
97,521,44,2,823
97,521,45,4,827
97,521,46,2,829
97,521,47,10,839
97,521,48,14,853
97,521,49,4,857
97,521,50,2,859
97,521,51,4,863
97,521,52,14,877
97,521,53,4,881
97,521,54,2,883
97,521,55,4,887
97,521,56,20,907
97,521,57,4,911
97,521,58,8,919
97,521,59,10,929
97,521,60,8,937
97,521,61,4,941
97,521,62,6,947
97,521,63,6,953
97,521,64,14,967
97,521,65,4,971
97,521,66,6,977
97,521,67,6,983
97,521,68,8,991
97,521,69,6,997
97,521,70,12,1009
97,521,71,4,1013
97,521,72,6,1019
97,521,73,2,1021
97,521,74,10,1031
97,521,75,2,1033
97,521,76,6,1039
97,521,77,10,1049
97,521,78,2,1051
97,521,79,10,1061
97,521,80,2,1063
97,521,81,6,1069
97,521,82,18,1087
97,521,83,4,1091
97,521,84,2,1093
97,521,85,4,1097
97,521,86,6,1103
97,521,87,6,1109
97,521,88,8,1117
97,521,89,6,1123
97,521,90,6,1129
97,521,91,22,1151
97,521,92,2,1153
97,521,93,10,1163
97,521,94,8,1171
97,521,95,10,1181
97,521,96,6,1187
97,521,97,6,1193
97,521,98,8,1201
97,521,99,12,1213
98,523,0,18,541
98,523,1,6,547
98,523,2,10,557
98,523,3,6,563
98,523,4,6,569
98,523,5,2,571
98,523,6,6,577
98,523,7,10,587
98,523,8,6,593
98,523,9,6,599
98,523,10,2,601
98,523,11,6,607
98,523,12,6,613
98,523,13,4,617
98,523,14,2,619
98,523,15,12,631
98,523,16,10,641
98,523,17,2,643
98,523,18,4,647
98,523,19,6,653
98,523,20,6,659
98,523,21,2,661
98,523,22,12,673
98,523,23,4,677
98,523,24,6,683
98,523,25,8,691
98,523,26,10,701
98,523,27,8,709
98,523,28,10,719
98,523,29,8,727
98,523,30,6,733
98,523,31,6,739
98,523,32,4,743
98,523,33,8,751
98,523,34,6,757
98,523,35,4,761
98,523,36,8,769
98,523,37,4,773
98,523,38,14,787
98,523,39,10,797
98,523,40,12,809
98,523,41,2,811
98,523,42,10,821
98,523,43,2,823
98,523,44,4,827
98,523,45,2,829
98,523,46,10,839
98,523,47,14,853
98,523,48,4,857
98,523,49,2,859
98,523,50,4,863
98,523,51,14,877
98,523,52,4,881
98,523,53,2,883
98,523,54,4,887
98,523,55,20,907
98,523,56,4,911
98,523,57,8,919
98,523,58,10,929
98,523,59,8,937
98,523,60,4,941
98,523,61,6,947
98,523,62,6,953
98,523,63,14,967
98,523,64,4,971
98,523,65,6,977
98,523,66,6,983
98,523,67,8,991
98,523,68,6,997
98,523,69,12,1009
98,523,70,4,1013
98,523,71,6,1019
98,523,72,2,1021
98,523,73,10,1031
98,523,74,2,1033
98,523,75,6,1039
98,523,76,10,1049
98,523,77,2,1051
98,523,78,10,1061
98,523,79,2,1063
98,523,80,6,1069
98,523,81,18,1087
98,523,82,4,1091
98,523,83,2,1093
98,523,84,4,1097
98,523,85,6,1103
98,523,86,6,1109
98,523,87,8,1117
98,523,88,6,1123
98,523,89,6,1129
98,523,90,22,1151
98,523,91,2,1153
98,523,92,10,1163
98,523,93,8,1171
98,523,94,10,1181
98,523,95,6,1187
98,523,96,6,1193
98,523,97,8,1201
98,523,98,12,1213
98,523,99,4,1217
99,541,0,6,547
99,541,1,10,557
99,541,2,6,563
99,541,3,6,569
99,541,4,2,571
99,541,5,6,577
99,541,6,10,587
99,541,7,6,593
99,541,8,6,599
99,541,9,2,601
99,541,10,6,607
99,541,11,6,613
99,541,12,4,617
99,541,13,2,619
99,541,14,12,631
99,541,15,10,641
99,541,16,2,643
99,541,17,4,647
99,541,18,6,653
99,541,19,6,659
99,541,20,2,661
99,541,21,12,673
99,541,22,4,677
99,541,23,6,683
99,541,24,8,691
99,541,25,10,701
99,541,26,8,709
99,541,27,10,719
99,541,28,8,727
99,541,29,6,733
99,541,30,6,739
99,541,31,4,743
99,541,32,8,751
99,541,33,6,757
99,541,34,4,761
99,541,35,8,769
99,541,36,4,773
99,541,37,14,787
99,541,38,10,797
99,541,39,12,809
99,541,40,2,811
99,541,41,10,821
99,541,42,2,823
99,541,43,4,827
99,541,44,2,829
99,541,45,10,839
99,541,46,14,853
99,541,47,4,857
99,541,48,2,859
99,541,49,4,863
99,541,50,14,877
99,541,51,4,881
99,541,52,2,883
99,541,53,4,887
99,541,54,20,907
99,541,55,4,911
99,541,56,8,919
99,541,57,10,929
99,541,58,8,937
99,541,59,4,941
99,541,60,6,947
99,541,61,6,953
99,541,62,14,967
99,541,63,4,971
99,541,64,6,977
99,541,65,6,983
99,541,66,8,991
99,541,67,6,997
99,541,68,12,1009
99,541,69,4,1013
99,541,70,6,1019
99,541,71,2,1021
99,541,72,10,1031
99,541,73,2,1033
99,541,74,6,1039
99,541,75,10,1049
99,541,76,2,1051
99,541,77,10,1061
99,541,78,2,1063
99,541,79,6,1069
99,541,80,18,1087
99,541,81,4,1091
99,541,82,2,1093
99,541,83,4,1097
99,541,84,6,1103
99,541,85,6,1109
99,541,86,8,1117
99,541,87,6,1123
99,541,88,6,1129
99,541,89,22,1151
99,541,90,2,1153
99,541,91,10,1163
99,541,92,8,1171
99,541,93,10,1181
99,541,94,6,1187
99,541,95,6,1193
99,541,96,8,1201
99,541,97,12,1213
99,541,98,4,1217
99,541,99,6,1223
100,547,0,10,557
100,547,1,6,563
100,547,2,6,569
100,547,3,2,571
100,547,4,6,577
100,547,5,10,587
100,547,6,6,593
100,547,7,6,599
100,547,8,2,601
100,547,9,6,607
100,547,10,6,613
100,547,11,4,617
100,547,12,2,619
100,547,13,12,631
100,547,14,10,641
100,547,15,2,643
100,547,16,4,647
100,547,17,6,653
100,547,18,6,659
100,547,19,2,661
100,547,20,12,673
100,547,21,4,677
100,547,22,6,683
100,547,23,8,691
100,547,24,10,701
100,547,25,8,709
100,547,26,10,719
100,547,27,8,727
100,547,28,6,733
100,547,29,6,739
100,547,30,4,743
100,547,31,8,751
100,547,32,6,757
100,547,33,4,761
100,547,34,8,769
100,547,35,4,773
100,547,36,14,787
100,547,37,10,797
100,547,38,12,809
100,547,39,2,811
100,547,40,10,821
100,547,41,2,823
100,547,42,4,827
100,547,43,2,829
100,547,44,10,839
100,547,45,14,853
100,547,46,4,857
100,547,47,2,859
100,547,48,4,863
100,547,49,14,877
100,547,50,4,881
100,547,51,2,883
100,547,52,4,887
100,547,53,20,907
100,547,54,4,911
100,547,55,8,919
100,547,56,10,929
100,547,57,8,937
100,547,58,4,941
100,547,59,6,947
100,547,60,6,953
100,547,61,14,967
100,547,62,4,971
100,547,63,6,977
100,547,64,6,983
100,547,65,8,991
100,547,66,6,997
100,547,67,12,1009
100,547,68,4,1013
100,547,69,6,1019
100,547,70,2,1021
100,547,71,10,1031
100,547,72,2,1033
100,547,73,6,1039
100,547,74,10,1049
100,547,75,2,1051
100,547,76,10,1061
100,547,77,2,1063
100,547,78,6,1069
100,547,79,18,1087
100,547,80,4,1091
100,547,81,2,1093
100,547,82,4,1097
100,547,83,6,1103
100,547,84,6,1109
100,547,85,8,1117
100,547,86,6,1123
100,547,87,6,1129
100,547,88,22,1151
100,547,89,2,1153
100,547,90,10,1163
100,547,91,8,1171
100,547,92,10,1181
100,547,93,6,1187
100,547,94,6,1193
100,547,95,8,1201
100,547,96,12,1213
100,547,97,4,1217
100,547,98,6,1223
100,547,99,6,1229
